Item ID,Item Name,SKU,HSN/SAC,Description,Rate,Account,Account Code,Taxable,Exemption Reason,Taxability Type,Product Type,Intra State Tax Name,Intra State Tax Rate,Intra State Tax Type,Inter State Tax Name,Inter State Tax Rate,Inter State Tax Type,Source,Reference ID,Last Sync Time,Status,Usage unit,Unit Name,Purchase Rate,Purchase Account,Purchase Account Code,Purchase Description,Inventory Account,Inventory Account Code,Inventory Valuation Method,Reorder Point,Vendor,Opening Stock,Opening Stock Value,Stock On Hand,Item Type,Sellable,Purchasable,Track Inventory
2106585000000040765,TIBROS TB Mug - Studio Series - small 4 pcs set,,6911,,INR 128.83059,Sales,,true,,,goods,GST5,5.000000,Group,IGST5,5.000000,Simple,2,,,Active,box,Box,INR 88.91,Cost of Goods Sold,,,Inventory Asset,,,,SIDDHARTH ENTERPRISES,,,,Sales and Purchases,true,true,false
2106585000000040774,TIBROS TB Mug - Studio Series - small 6pcs set,,6911,,INR 156.00,Sales,,true,,,goods,GST5,5.000000,Group,IGST5,5.000000,Simple,2,,,Active,box,Box,INR 115.96,Cost of Goods Sold,,,Inventory Asset,,,,SIDDHARTH ENTERPRISES,,,,Sales and Purchases,true,true,false
2106585000000040783,TIBROS Tb- New Gold Line Mug 6pcs set,,6911,,INR 169.00,Sales,,true,,,goods,GST5,5.000000,Group,IGST5,5.000000,Simple,2,,,Active,box,Box,INR 140.70,Cost of Goods Sold,,,Inventory Asset,,,,,,,,Sales and Purchases,true,true,false
2106585000000040792,TIBROS TB Stoneware 1110 Mug - 1 Pcs,,6911,,INR 59.80,Sales,,true,,,goods,GST5,5.000000,Group,IGST5,5.000000,Simple,2,,,Active,box,Box,INR 44.45,Cost of Goods Sold,,,Inventory Asset,,,,SIDDHARTH ENTERPRISES,,,,Sales and Purchases,true,true,false
2106585000000040801,TIBROS TB Stoneware 1110 Sparkle Mug -1 Pcs,,6911,,INR 59.80,Sales,,true,,,goods,GST5,5.000000,Group,IGST5,5.000000,Simple,2,,,Active,box,Box,INR 44.45,Cost of Goods Sold,,,Inventory Asset,,,,SIDDHARTH ENTERPRISES,,,,Sales and Purchases,true,true,false
2106585000000040810,TIBROS TB Stoneware 1143 Mug 1pcs,,6911,,INR 70.20,Sales,,true,,,goods,GST5,5.000000,Group,IGST5,5.000000,Simple,2,,,Active,box,Box,INR 52.18,Cost of Goods Sold,,,Inventory Asset,,,,SIDDHARTH ENTERPRISES,,,,Sales and Purchases,true,true,false
2106585000000040819,TIBROS Tb-Arabica Mug-Black,,6911,,INR 122.20,Sales,,true,,,goods,GST5,5.000000,Group,IGST5,5.000000,Simple,2,,,Active,box,Box,INR 101.70,Cost of Goods Sold,,,Inventory Asset,,,,SIDDHARTH ENTERPRISES,,,,Sales and Purchases,true,true,false
2106585000000040828,TIBROS Tb-Splash Series Mug,,69111029,,INR 117.06471,Sales,,true,,,goods,GST5,5.000000,Group,IGST5,5.000000,Simple,2,,,Active,box,Box,INR 80.79,Cost of Goods Sold,,,Inventory Asset,,,,SIDDHARTH ENTERPRISES,,,,Sales and Purchases,true,true,false
2106585000000047096,TIBROS-TB- Procelain 28CL,,69111029,,INR 108.68,Sales,,true,,,goods,GST5,5.000000,Group,IGST5,5.000000,Simple,1,,,Active,,,INR 80.80,Cost of Goods Sold,,,Inventory Asset,,,,,,,,Sales and Purchases,true,true,false
2106585000000047107,TIBROS-TB- MUG CONE,,69111029,,INR 122.20,Sales,,true,,,goods,GST5,5.000000,Group,IGST5,5.000000,Simple,1,,,Active,box,Box,INR 90.80,Cost of Goods Sold,,,Inventory Asset,,,,,,,,Sales and Purchases,true,true,false
2106585000000047120,TIBROS-TB- Procelain Mug Java,,69111029,,INR 122.20,Sales,,true,,,goods,GST5,5.000000,Group,IGST5,5.000000,Simple,1,,,Active,box,Box,INR 90.80,Cost of Goods Sold,,,Inventory Asset,,,,,,,,Sales and Purchases,true,true,false
2106585000000047129,TIBROS- Cermic MUG TREE COLOR TREE,,69111029,,INR 254.80,Sales,,true,,,goods,GST5,5.000000,Group,IGST5,5.000000,Simple,1,,,Active,box,Box,INR 189.40,Cost of Goods Sold,,,Inventory Asset,,,,,,,,Sales and Purchases,true,true,false
2106585000000047138,TIBROS- MUG WITH TRAY,,69111029,,INR 176.80,Sales,,true,,,goods,GST5,5.000000,Group,IGST5,5.000000,Simple,1,,,Active,box,Box,INR 131.40,Cost of Goods Sold,,,Inventory Asset,,,,,,,,Sales and Purchases,true,true,false
2106585000000047147,Tibros Ceramic Refresh MUG Set of 6 pcs,,69111029,,INR 124.80,Sales,,true,,,goods,GST5,5.000000,Group,IGST5,5.000000,Simple,1,,,Active,box,Box,INR 103.90,Cost of Goods Sold,,,Inventory Asset,,,,,,,,Sales and Purchases,true,true,false
2106585000000071402,700ML PUSH CHOPPER heavy,,3924,,INR 110.58,Sales,,true,,,goods,GST18,18.000000,Group,IGST18,18.000000,Simple,2,,,Active,pcs,Pieces,INR 76.00,Cost of Goods Sold,,,Inventory Asset,,,,,,,,Sales and Purchases,true,true,false
2106585000000071771,DOOR GUARD (127),,3924,,INR 17.46,Sales,,true,,,goods,GST18,18.000000,Group,IGST18,18.000000,Simple,2,,,Active,pcs,Pieces,INR 12.00,Cost of Goods Sold,,,Inventory Asset,,,,,,,,Sales and Purchases,true,true,false
2106585000000072340,MORNING COFFEE MUG(181),,3924,,INR 0.00,Sales,,true,,,goods,GST0,0.000000,Group,IGST12,12.000000,Simple,2,,,Active,,,INR 0.00,Cost of Goods Sold,,,Inventory Asset,,,,,,,,Sales and Purchases,true,true,false
2106585000000072772,SS JALIROUND JUICER (01),,3924,,INR 186.24,Sales,,true,,,goods,GST18,18.000000,Group,IGST18,18.000000,Simple,2,,,Active,pcs,Pieces,INR 128.00,Cost of Goods Sold,,,Inventory Asset,,,,,,,,Sales and Purchases,true,true,false
2106585000000073537,DIAMOND CONTAINER,,3924,,INR 90.00,Sales,,true,,,goods,GST18,18.000000,Group,IGST18,18.000000,Simple,1,,,Active,pcs,Pieces,INR 61.67,Cost of Goods Sold,,,Inventory Asset,,,,,,,,Sales and Purchases,true,true,false
2106585000000073546,JUICY GLASS,,3924,,INR 92.88,Sales,,true,,,goods,GST18,18.000000,Group,IGST18,18.000000,Simple,1,,,Active,pcs,Pieces,INR 64.00,Cost of Goods Sold,,,Inventory Asset,,,,,,,,Sales and Purchases,true,true,false
2106585000000073555,CLEAR GLASS,,3924,,INR 92.88,Sales,,true,,,goods,GST18,18.000000,Group,IGST18,18.000000,Simple,1,,,Active,pcs,Pieces,INR 64.00,Cost of Goods Sold,,,Inventory Asset,,,,,,,,Sales and Purchases,true,true,false
2106585000000073564,DUBBLE DECKER LUNCH BOX,,3924,,INR 114.00,Sales,,true,,,goods,GST18,18.000000,Group,IGST18,18.000000,Simple,1,,,Active,pcs,Pieces,INR 78.00,Cost of Goods Sold,,,Inventory Asset,,,,,,,,Sales and Purchases,true,true,false
2106585000000073573,POTATO CUTTER,,3924,,INR 150.00,Sales,,true,,,goods,GST18,18.000000,Group,IGST18,18.000000,Simple,1,,,Active,pcs,Pieces,INR 105.00,Cost of Goods Sold,,,Inventory Asset,,,,,,,,Sales and Purchases,true,true,false
2106585000000073582,GUJIYA MAKER,,3924,,INR 61.00,Sales,,true,,,goods,GST18,18.000000,Group,IGST18,18.000000,Simple,1,,,Active,pcs,Pieces,INR 42.00,Cost of Goods Sold,,,Inventory Asset,,,,,,,,Sales and Purchases,true,true,false
2106585000000073591,SMART GAS TROLLEY HEAVY,,3924,,INR 86.00,Sales,,true,,,goods,GST18,18.000000,Group,IGST18,18.000000,Simple,1,,,Active,pcs,Pieces,INR 58.00,Cost of Goods Sold,,,Inventory Asset,,,,,,,,Sales and Purchases,true,true,false
2106585000000073600,ROUND MASALA BOX,,3924,,INR 59.00,Sales,,true,,,goods,GST18,18.000000,Group,IGST18,18.000000,Simple,1,,,Active,pcs,Pieces,INR 40.00,Cost of Goods Sold,,,Inventory Asset,,,,,,,,Sales and Purchases,true,true,false
2106585000000073609,OWL SHAPE PLATE,,,,INR 0.00,,,true,,,goods,GST18,18.000000,Group,IGST18,18.000000,Simple,1,,,Active,,,INR 63.00,Cost of Goods Sold,,,,,,,,,,,Purchases,false,true,false
2106585000000073618,2PCS DINING SET,,3924,,INR 49.50,Sales,,true,,,goods,GST18,18.000000,Group,IGST18,18.000000,Simple,1,,,Active,pcs,Pieces,INR 34.00,Cost of Goods Sold,,,Inventory Asset,,,,,,,,Sales and Purchases,true,true,false
2106585000000073627,SQUARE ALL IN ONE,,3924,,INR 56.70,Sales,,true,,,goods,GST18,18.000000,Group,IGST18,18.000000,Simple,1,,,Active,pcs,Pieces,INR 39.00,Cost of Goods Sold,,,Inventory Asset,,,,,,,,Sales and Purchases,true,true,false
2106585000000073636,6 IN 1 SLICER,,3924,,INR 70.00,Sales,,true,,,goods,GST18,18.000000,Group,IGST18,18.000000,Simple,1,,,Active,pcs,Pieces,INR 48.00,Cost of Goods Sold,,,Inventory Asset,,,,,,,,Sales and Purchases,true,true,false
2106585000000073645,DRY FRUIT SLICER,,,,INR 0.00,,,true,,,goods,GST18,18.000000,Group,IGST18,18.000000,Simple,1,,,Active,,,INR 34.00,Cost of Goods Sold,,,,,,,,,,,Purchases,false,true,false
2106585000000073654,DRY FRUIT BOX,,,,INR 58.50,Sales,,true,,,goods,GST18,18.000000,Group,IGST18,18.000000,Simple,1,,,Active,,,INR 40.00,Cost of Goods Sold,,,Inventory Asset,,,,,,,,Sales and Purchases,true,true,false
2106585000000073663,WASHING MACHINE STAND,,3924,,INR 42.00,Sales,,true,,,goods,GST18,18.000000,Group,IGST18,18.000000,Simple,1,,,Active,pcs,Pieces,INR 26.00,Cost of Goods Sold,,,Inventory Asset,,,,,,,,Sales and Purchases,true,true,false
2106585000000073672,3IN1 DISH RACK,,3924,,INR 158.30,Sales,,true,,,goods,GST18,18.000000,Group,IGST18,18.000000,Simple,1,,,Active,pcs,Pieces,INR 109.00,Cost of Goods Sold,,,Inventory Asset,,,,,,,,Sales and Purchases,true,true,false
2106585000000073681,CHOPPING BOARD COLOR MEDIUM,,3924,,INR 81.00,Sales,,true,,,goods,GST18,18.000000,Group,IGST18,18.000000,Simple,1,,,Active,pcs,Pieces,INR 54.00,Cost of Goods Sold,,,Inventory Asset,,,,,,,,Sales and Purchases,true,true,false
2106585000000073690,CRESTA DRY FRUIT BOX,,3924,,INR 116.50,Sales,,true,,,goods,GST18,18.000000,Group,IGST18,18.000000,Simple,1,,,Active,pcs,Pieces,INR 80.00,Cost of Goods Sold,,,Inventory Asset,,,,,,,,Sales and Purchases,true,true,false
2106585000000073699,Jumbo Blender,,,,INR 0.00,,,true,,,goods,GST18,18.000000,Group,IGST18,18.000000,Simple,1,,,Active,,,INR 65.00,Cost of Goods Sold,,,,,,,,,,,Purchases,false,true,false
2106585000000073708,WELCOME TRAY SET BLACK,,3924,,INR 174.00,Sales,,true,,,goods,GST18,18.000000,Group,IGST18,18.000000,Simple,1,,,Active,pcs,Pieces,INR 123.00,Cost of Goods Sold,,,Inventory Asset,,,,,,,,Sales and Purchases,true,true,false
2106585000000073717,WELCOME TRAY SET WHITE,,3924,,INR 163.00,Sales,,true,,,goods,GST18,18.000000,Group,IGST18,18.000000,Simple,1,,,Active,pcs,Pieces,INR 112.00,Cost of Goods Sold,,,Inventory Asset,,,,,,,,Sales and Purchases,true,true,false
2106585000000073726,WALL MOUNTAIN STAND,,3924,,INR 95.00,Sales,,true,,,goods,GST18,18.000000,Group,IGST18,18.000000,Simple,1,,,Active,pcs,Pieces,INR 65.00,Cost of Goods Sold,,,Inventory Asset,,,,,,,,Sales and Purchases,true,true,false
2106585000000073735,SS PIZZA CUTTER,,3924,,INR 47.00,Sales,,true,,,goods,GST18,18.000000,Group,IGST18,18.000000,Simple,1,,,Active,pcs,Pieces,INR 32.00,Cost of Goods Sold,,,Inventory Asset,,,,,,,,Sales and Purchases,true,true,false
2106585000000073744,4PCS DINING SET SQURE,,3924,,INR 93.50,Sales,,true,,,goods,GST18,18.000000,Group,IGST18,18.000000,Simple,1,,,Active,pcs,Pieces,INR 64.00,Cost of Goods Sold,,,Inventory Asset,,,,,,,,Sales and Purchases,true,true,false
2106585000000073753,DELUXE TEA STAINER,,3924,,INR 42.00,Sales,,true,,,goods,GST18,18.000000,Group,IGST18,18.000000,Simple,1,,,Active,pcs,Pieces,INR 28.00,Cost of Goods Sold,,,Inventory Asset,,,,,,,,Sales and Purchases,true,true,false
2106585000000073762,COCONUT OPENER MINI,,3924,,INR 30.00,Sales,,true,,,goods,GST18,18.000000,Group,IGST18,18.000000,Simple,1,,,Active,pcs,Pieces,INR 20.00,Cost of Goods Sold,,,Inventory Asset,,,,,,,,Sales and Purchases,true,true,false
2106585000000073771,POP COFFEE MUG,,3924,,INR 78.00,Sales,,true,,,goods,GST18,18.000000,Group,IGST18,18.000000,Simple,1,,,Active,pcs,Pieces,INR 54.00,Cost of Goods Sold,,,Inventory Asset,,,,,,,,Sales and Purchases,true,true,false
2106585000000073780,HAPPY TIME MUG,,3924,,INR 116.12,Sales,,true,,,goods,GST18,18.000000,Group,IGST18,18.000000,Simple,1,,,Active,pcs,Pieces,INR 80.00,Cost of Goods Sold,,,Inventory Asset,,,,,,,,Sales and Purchases,true,true,false
2106585000000073789,coffee mug,,,,INR 66.93,Sales,,true,,,goods,GST18,18.000000,Group,IGST18,18.000000,Simple,1,,,Active,,,INR 46.00,Cost of Goods Sold,,,Inventory Asset,,,,,,,,Sales and Purchases,true,true,false
2106585000000073798,ROTATION TRAY,,,,INR 61.11,Sales,,true,,,goods,GST18,18.000000,Group,IGST18,18.000000,Simple,1,,,Active,,,INR 42.00,Cost of Goods Sold,,,Inventory Asset,,,,,,,,Sales and Purchases,true,true,false
2106585000000073807,MAGIC MASALA BOX,,,,INR 66.94,Sales,,true,,,goods,GST18,18.000000,Group,IGST18,18.000000,Simple,1,,,Active,,,INR 46.00,Cost of Goods Sold,,,Inventory Asset,,,,,,,,Sales and Purchases,true,true,false
2106585000000073911,4IN 1 SLICER & GRATER,,3924,,INR 65.47,Sales,,true,,,goods,GST18,18.000000,Group,IGST18,18.000000,Simple,1,,,Active,pcs,Pieces,INR 45.00,Cost of Goods Sold,,,Inventory Asset,,,,,,,,Sales and Purchases,true,true,false
2106585000000075732,CAMERA LENS COFFEE MUG,,3924,,INR 142.59,Sales,,true,,,goods,GST18,18.000000,Group,IGST18,18.000000,Simple,2,,,Active,pcs,Pieces,INR 98.00,Cost of Goods Sold,,,Inventory Asset,,,,,,,,Sales and Purchases,true,true,false
2106585000000076421,PUSH CHOPPER 1000ML,,3924,,INR 137.89,Sales,,true,,,goods,GST18,18.000000,Group,IGST18,18.000000,Simple,2,,,Active,pcs,Pieces,INR 95.00,Cost of Goods Sold,,,Inventory Asset,,,,,,,,Sales and Purchases,true,true,false
2106585000000076543,SQUARE MASALA BOX,,3924,,INR 58.20,Sales,,true,,,goods,GST18,18.000000,Group,IGST18,18.000000,Simple,2,,,Active,pcs,Pieces,INR 40.00,Cost of Goods Sold,,,Inventory Asset,,,,,,,,Sales and Purchases,true,true,false
2106585000000099005,4 LAYER SHOES RANK,,3924,,INR 206.70,Sales,,true,,,goods,GST18,18.000000,Group,IGST18,18.000000,Simple,1,,,Active,pcs,Pieces,INR 142.00,Cost of Goods Sold,,,Inventory Asset,,,,RELON OIL AND GAS LIMITED,,,,Sales and Purchases,true,true,false
2106585000000099014,5 LAYER SHOES RANK,,3924,,INR 244.44,Sales,,true,,,goods,GST18,18.000000,Group,IGST18,18.000000,Simple,1,,,Active,pcs,Pieces,INR 168.00,Cost of Goods Sold,,,Inventory Asset,,,,,,,,Sales and Purchases,true,true,false
2106585000000099023,PIPE MASHER,,3924,,INR 31.94,Sales,,true,,,goods,GST18,18.000000,Group,IGST18,18.000000,Simple,1,,,Active,pcs,Pieces,INR 22.00,Cost of Goods Sold,,,Inventory Asset,,,,,,,,Sales and Purchases,true,true,false
2106585000000099032,WOODEN MASHER,,3924,,INR 33.40,Sales,,true,,,goods,GST18,18.000000,Group,IGST18,18.000000,Simple,1,,,Active,pcs,Pieces,INR 23.00,Cost of Goods Sold,,,Inventory Asset,,,,RELON OIL AND GAS LIMITED,,,,Sales and Purchases,true,true,false
2106585000000099041,DEER HEAD,,3924,,INR 30.00,Sales,,true,,,goods,GST18,18.000000,Group,IGST18,18.000000,Simple,1,,,Active,pcs,Pieces,INR 20.00,Cost of Goods Sold,,,Inventory Asset,,,,,,,,Sales and Purchases,true,true,false
2106585000000099050,3 PCS STORAGE CONTAINER,,3924,,INR 130.50,Sales,,true,,,goods,GST18,18.000000,Group,IGST18,18.000000,Simple,1,,,Active,pcs,Pieces,INR 90.00,Cost of Goods Sold,,,Inventory Asset,,,,RELON OIL AND GAS LIMITED,,,,Sales and Purchases,true,true,false
2106585000000099059,6 LAYER SHOES RANK,,3924,,INR 275.00,Sales,,true,,,goods,GST18,18.000000,Group,IGST18,18.000000,Simple,1,,,Active,pcs,Pieces,INR 190.00,Cost of Goods Sold,,,Inventory Asset,,,,,,,,Sales and Purchases,true,true,false
2106585000000099100,COCONUT OPENER BIG,,3924,,INR 32.00,Sales,,true,,,goods,GST18,18.000000,Group,IGST18,18.000000,Simple,1,,,Active,pcs,Pieces,INR 22.00,Cost of Goods Sold,,,Inventory Asset,,,,,,,,Sales and Purchases,true,true,false
2106585000000099109,OWL SHAPE PLATE (6 PIC SET),,3924,,INR 91.60,Sales,,true,,,goods,GST18,18.000000,Group,IGST18,18.000000,Simple,1,,,Active,pcs,Pieces,INR 63.00,Cost of Goods Sold,,,Inventory Asset,,,,,,,,Sales and Purchases,true,true,false
2106585000000099160,650ML PUSH CHOPPER,,3924,,INR 80.00,Sales,,true,,,goods,GST18,18.000000,Group,IGST18,18.000000,Simple,1,,,Active,pcs,Pieces,INR 55.00,Cost of Goods Sold,,,Inventory Asset,,,,,,,,Sales and Purchases,true,true,false
2106585000000099169,PREMIUM MASALA BOX,,3924,,INR 104.50,Sales,,true,,,goods,GST18,18.000000,Group,IGST18,18.000000,Simple,1,,,Active,pcs,Pieces,INR 72.00,Cost of Goods Sold,,,Inventory Asset,,,,,,,,Sales and Purchases,true,true,false
2106585000000099190,DRY FRUIT CUTTER,,3924,,INR 47.00,Sales,,true,,,goods,GST18,18.000000,Group,IGST18,18.000000,Simple,1,,,Active,pcs,Pieces,INR 32.00,Cost of Goods Sold,,,Inventory Asset,,,,,,,,Sales and Purchases,true,true,false
2106585000000099203,LUNCH BOX CLASSIc,,3924,,INR 68.00,Sales,,true,,,goods,GST18,18.000000,Group,IGST18,18.000000,Simple,1,,,Active,pcs,Pieces,INR 46.00,Cost of Goods Sold,,,Inventory Asset,,,,,,,,Sales and Purchases,true,true,false
2106585000000104001,2 IN 1 VEG CUTTER,,3924,,INR 36.00,Sales,,true,,,goods,GST18,18.000000,Group,IGST18,18.000000,Simple,12,,,Active,pcs,Pieces,INR 24.00,Cost of Goods Sold,,,Inventory Asset,,,,,,,,Sales and Purchases,true,true,false
2106585000000105001,BLACK PRINT WATER BOTTLE,,3924,,INR 42.09,Sales,,true,,,goods,GST18,18.000000,Group,IGST18,18.000000,Simple,14,,,Active,pcs,Pieces,INR 29.00,Cost of Goods Sold,,,Inventory Asset,,,,,,,,Sales and Purchases,true,true,false
2106585000000105010,TEDDY HOUSE,,3924,,INR 69.90,Sales,,true,,,goods,GST18,18.000000,Group,IGST18,18.000000,Simple,14,,,Active,pcs,Pieces,INR 48.00,Cost of Goods Sold,,,Inventory Asset,,,,,,,,Sales and Purchases,true,true,false
2106585000000105019,18INCH FOLDING STOOL,,3924,,INR 260.00,Sales,,true,,,goods,GST18,18.000000,Group,IGST18,18.000000,Simple,14,,,Active,pcs,Pieces,INR 180.00,Cost of Goods Sold,,,Inventory Asset,,,,,,,,Sales and Purchases,true,true,false
2106585000000105028,HEAVY LIGHTER WITH KNIFE,,3924,,INR 34.80,Sales,,true,,,goods,GST18,18.000000,Group,IGST18,18.000000,Simple,14,,,Active,pcs,Pieces,INR 24.00,Cost of Goods Sold,,,Inventory Asset,,,,,,,,Sales and Purchases,true,true,false
2106585000000106001,ROUND ALL IN ONE,,3924,,INR 56.60,Sales,,true,,,goods,GST18,18.000000,Group,IGST18,18.000000,Simple,14,,,Active,pcs,Pieces,INR 39.00,Cost of Goods Sold,,,Inventory Asset,,,,,,,,Sales and Purchases,true,true,false
2106585000000106010,3PCS DINING SET,,3924,,INR 65.30,Sales,,true,,,goods,GST18,18.000000,Group,IGST18,18.000000,Simple,14,,,Active,pcs,Pieces,INR 45.00,Cost of Goods Sold,,,Inventory Asset,,,,,,,,Sales and Purchases,true,true,false
2106585000000107005,SUMO 2 LAYER STEEL LUNCH,,3924,,INR 202.30,Sales,,true,,,goods,GST18,18.000000,Group,IGST18,18.000000,Simple,1,,,Active,pcs,Pieces,INR 139.00,Cost of Goods Sold,,,Inventory Asset,,,,,,,,Sales and Purchases,true,true,false
2106585000000107014,OIL DISPENSER 1000ML,,3924,,INR 53.40,Sales,,true,,,goods,GST18,18.000000,Group,IGST18,18.000000,Simple,1,,,Active,pcs,Pieces,INR 32.00,Cost of Goods Sold,,,Inventory Asset,,,,,,,,Sales and Purchases,true,true,false
2106585000000107023,BIG SPATULA & BRUSH,,3924,,INR 33.40,Sales,,true,,,goods,GST18,18.000000,Group,IGST18,18.000000,Simple,1,,,Active,pcs,Pieces,INR 23.00,Cost of Goods Sold,,,Inventory Asset,,,,,,,,Sales and Purchases,true,true,false
2106585000000107032,OIL SPATULA,,3924,,INR 13.10,Sales,,true,,,goods,GST18,18.000000,Group,IGST18,18.000000,Simple,1,,,Active,pcs,Pieces,INR 9.00,Cost of Goods Sold,,,Inventory Asset,,,,,,,,Sales and Purchases,true,true,false
2106585000000107067,SQUARE BOTTLE,,3924,,INR 42.09,Sales,,true,,,goods,GST18,18.000000,Group,IGST18,18.000000,Simple,1,,,Active,pcs,Pieces,INR 29.00,Cost of Goods Sold,,,Inventory Asset,,,,,,,,Sales and Purchases,true,true,false
2106585000000107076,MATKA STAND,,3924,,INR 26.12,Sales,,true,,,goods,GST18,18.000000,Group,IGST18,18.000000,Simple,1,,,Active,pcs,Pieces,INR 18.00,Cost of Goods Sold,,,Inventory Asset,,,,,,,,Sales and Purchases,true,true,false
2106585000000107101,KEY HOUSE,,3924,,INR 92.88,Sales,,true,,,goods,GST18,18.000000,Group,IGST18,18.000000,Simple,1,,,Active,pcs,Pieces,INR 64.00,Cost of Goods Sold,,,Inventory Asset,,,,,,,,Sales and Purchases,true,true,false
2106585000000107110,JUMBO KEY STAND,,3924,,INR 91.30,Sales,,true,,,goods,GST18,18.000000,Group,IGST18,18.000000,Simple,1,,,Active,pcs,Pieces,INR 63.00,Cost of Goods Sold,,,Inventory Asset,,,,,,,,Sales and Purchases,true,true,false
2106585000000107119,SMALL SPATULA,,3924,,INR 10.20,Sales,,true,,,goods,GST18,18.000000,Group,IGST18,18.000000,Simple,1,,,Active,pcs,Pieces,INR 7.00,Cost of Goods Sold,,,Inventory Asset,,,,,,,,Sales and Purchases,true,true,false
2106585000000107128,QUICK CHOPPER 1000ML,,3924,,INR 90.00,Sales,,true,,,goods,GST18,18.000000,Group,IGST18,18.000000,Simple,1,,,Active,pcs,Pieces,INR 62.00,Cost of Goods Sold,,,Inventory Asset,,,,,,,,Sales and Purchases,true,true,false
2106585000000107137,EXPRESS LIGHTER,,3924,,INR 37.83,Sales,,true,,,goods,GST18,18.000000,Group,IGST18,18.000000,Simple,1,,,Active,pcs,Pieces,INR 21.00,Cost of Goods Sold,,,Inventory Asset,,,,,,,,Sales and Purchases,true,true,false
2106585000000107146,FOLDING STOOL 12INCH,,3924,,INR 195.00,Sales,,true,,,goods,GST18,18.000000,Group,IGST18,18.000000,Simple,1,,,Active,pcs,Pieces,INR 135.00,Cost of Goods Sold,,,Inventory Asset,,,,,,,,Sales and Purchases,true,true,false
2106585000000107155,REAL PUSH CHOOPER 600ML,,3924,,INR 96.00,Sales,,true,,,goods,GST18,18.000000,Group,IGST18,18.000000,Simple,1,,,Active,pcs,Pieces,INR 66.00,Cost of Goods Sold,,,Inventory Asset,,,,,,,,Sales and Purchases,true,true,false
2106585000000109167,3 PCS SQUARE STORAGE CONTAINER,,3924,,INR 116.20,Sales,,true,,,goods,GST18,18.000000,Group,IGST18,18.000000,Simple,1,,,Active,pcs,Pieces,INR 80.00,Cost of Goods Sold,,,Inventory Asset,,,,,,,,Sales and Purchases,true,true,false
2106585000000109176,APPLE CUTTER,,3924,,INR 21.77,Sales,,true,,,goods,GST18,18.000000,Group,IGST18,18.000000,Simple,1,,,Active,pcs,Pieces,INR 15.00,Cost of Goods Sold,,,Inventory Asset,,,,,,,,Sales and Purchases,true,true,false
2106585000000109185,NICER DICER 12 IN 1,,3924,,INR 305.00,Sales,,true,,,goods,GST18,18.000000,Group,IGST18,18.000000,Simple,1,,,Active,pcs,Pieces,INR 210.00,Cost of Goods Sold,,,Inventory Asset,,,,,,,,Sales and Purchases,true,true,false
2106585000000109194,CELEBRATION TRAY,,3924,,INR 246.50,Sales,,true,,,goods,GST18,18.000000,Group,IGST18,18.000000,Simple,1,,,Active,pcs,Pieces,INR 170.00,Cost of Goods Sold,,,Inventory Asset,,,,,,,,Sales and Purchases,true,true,false
2106585000000109203,COOL AND COOL BOTTLE,,3924,,INR 108.70,Sales,,true,,,goods,GST18,18.000000,Group,IGST18,18.000000,Simple,1,,,Active,pcs,Pieces,INR 75.00,Cost of Goods Sold,,,Inventory Asset,,,,,,,,Sales and Purchases,true,true,false
2106585000000109212,LUNCH BOX TOKYO,,3924,,INR 111.30,Sales,,true,,,goods,GST18,18.000000,Group,IGST18,18.000000,Simple,1,,,Active,pcs,Pieces,INR 77.00,Cost of Goods Sold,,,Inventory Asset,,,,,,,,Sales and Purchases,true,true,false
2106585000000109221,3IN1 SOAP DISPENSER,,3924,,INR 111.50,Sales,,true,,,goods,GST18,18.000000,Group,IGST18,18.000000,Simple,1,,,Active,pcs,Pieces,INR 77.00,Cost of Goods Sold,,,Inventory Asset,,,,,,,,Sales and Purchases,true,true,false
2106585000000109404,CANDY BOX,,3924,,INR 83.00,Sales,,true,,,goods,GST18,18.000000,Group,IGST18,18.000000,Simple,1,,,Active,pcs,Pieces,INR 57.00,Cost of Goods Sold,,,Inventory Asset,,,,,,,,Sales and Purchases,true,true,false
2106585000000109473,Lunch Box Kids Healthy,,3924,,INR 100.40,Sales,,true,,,goods,GST18,18.000000,Group,IGST18,18.000000,Simple,1,,,Active,pcs,Pieces,INR 69.00,Cost of Goods Sold,,,Inventory Asset,,,,,,,,Sales and Purchases,true,true,false
2106585000000109492,Lunch Box Delicious (Polypack),,3924,,INR 81.60,Sales,,true,,,goods,GST18,18.000000,Group,IGST18,18.000000,Simple,1,,,Active,pcs,Pieces,INR 56.00,Cost of Goods Sold,,,Inventory Asset,,,,,,,,Sales and Purchases,true,true,false
2106585000000109501,Lunch Box Locket,,3924,,INR 58.40,Sales,,true,,,goods,GST18,18.000000,Group,IGST18,18.000000,Simple,1,,,Active,pcs,Pieces,INR 40.00,Cost of Goods Sold,,,Inventory Asset,,,,,,,,Sales and Purchases,true,true,false
2106585000000109510,TEA MESH STRAINER NO.2,,3924,,INR 50.79,Sales,,true,,,goods,GST18,18.000000,Group,IGST18,18.000000,Simple,1,,,Active,pcs,Pieces,INR 35.00,Cost of Goods Sold,,,Inventory Asset,,,,,,,,Sales and Purchases,true,true,false
2106585000000109519,Tea Strainer S.S. ULTRA,,3924,,INR 60.92,Sales,,true,,,goods,GST18,18.000000,Group,IGST18,18.000000,Simple,1,,,Active,pcs,Pieces,INR 42.00,Cost of Goods Sold,,,Inventory Asset,,,,,,,,Sales and Purchases,true,true,false
2106585000000109528,Matka Stand [Pot],,3924,,INR 53.71,Sales,,true,,,goods,GST18,18.000000,Group,IGST18,18.000000,Simple,1,,,Active,pcs,Pieces,INR 37.00,Cost of Goods Sold,,,Inventory Asset,,,,,,,,Sales and Purchases,true,true,false
2106585000000109537,Crystal Diamond Bottle 06 (3pcs Set),,,,INR 145.50,Sales,,true,,,goods,GST18,18.000000,Group,IGST18,18.000000,Simple,1,,,Active,pcs,Pieces,INR 100.00,Cost of Goods Sold,,,Inventory Asset,,,,,,,,Sales and Purchases,true,true,false
2106585000000109546,Bottle Line Diamond Cap Bottle 1000ml (3pcs Box),,3924,,INR 130.62,Sales,,true,,,goods,GST18,18.000000,Group,IGST18,18.000000,Simple,1,,,Active,box,Box,INR 90.00,Cost of Goods Sold,,,Inventory Asset,,,,,,,,Sales and Purchases,true,true,false
2106585000000109555,Bottle Ground (3pcs Set) [B],,3924,,INR 161.11,Sales,,true,,,goods,GST18,18.000000,Group,IGST18,18.000000,Simple,1,,,Active,box,Box,INR 111.00,Cost of Goods Sold,,,Inventory Asset,,,,,,,,Sales and Purchases,true,true,false
2106585000000109564,Simple Design Bottle 15 [3pcs Set],,3924,,INR 159.60,Sales,,true,,,goods,GST18,18.000000,Group,IGST18,18.000000,Simple,1,,,Active,box,Box,INR 110.00,Cost of Goods Sold,,,Inventory Asset,,,,,,,,Sales and Purchases,true,true,false
2106585000000109573,Square With SS Cap Bottle 01 (3pcs Set),,3924,,INR 143.00,Sales,,true,,,goods,GST18,18.000000,Group,IGST18,18.000000,Simple,1,,,Active,box,Box,INR 99.00,Cost of Goods Sold,,,Inventory Asset,,,,,,,,Sales and Purchases,true,true,false
2106585000000109582,Bottle 03 Sparkle (3Pcs Set),,3924,,INR 143.70,Sales,,true,,,goods,GST18,18.000000,Group,IGST18,18.000000,Simple,1,,,Active,box,Box,INR 99.00,Cost of Goods Sold,,,Inventory Asset,,,,,,,,Sales and Purchases,true,true,false
2106585000000109591,Ice Candy Round,,3924,,INR 53.70,Sales,,true,,,goods,GST18,18.000000,Group,IGST18,18.000000,Simple,1,,,Active,pcs,Pieces,INR 37.00,Cost of Goods Sold,,,Inventory Asset,,,,,,,,Sales and Purchases,true,true,false
2106585000000109600,Kulfi Maker [Box Pack],,3924,,INR 59.51,Sales,,true,,,goods,GST18,18.000000,Group,IGST18,18.000000,Simple,1,,,Active,pcs,Pieces,INR 41.00,Cost of Goods Sold,,,Inventory Asset,,,,,,,,Sales and Purchases,true,true,false
2106585000000109609,Lighter Black EAGLE 12mm (Box pack),,3924,,INR 38.29,Sales,,true,,,goods,GST18,18.000000,Group,IGST18,18.000000,Simple,1,,,Active,pcs,Pieces,INR 25.00,Cost of Goods Sold,,,Inventory Asset,,,,,,,,Sales and Purchases,true,true,false
2106585000000109618,Apple Cutter S.S. - [Blister Pack],,3924,,INR 52.26,Sales,,true,,,goods,GST18,18.000000,Group,IGST18,18.000000,Simple,1,,,Active,pcs,Pieces,INR 36.00,Cost of Goods Sold,,,Inventory Asset,,,,,,,,Sales and Purchases,true,true,false
2106585000000109627,Ice Candy Maker [6pcs Set],,3924,,INR 68.70,Sales,,true,,,goods,GST18,18.000000,Group,IGST18,18.000000,Simple,1,,,Active,pcs,Pieces,INR 47.00,Cost of Goods Sold,,,Inventory Asset,,,,,,,,Sales and Purchases,true,true,false
2106585000000109636,Bottle 1100ml (Box Packing),,3924,,INR 108.60,Sales,,true,,,goods,GST18,18.000000,Group,IGST18,18.000000,Simple,1,,,Active,box,Box,INR 75.00,Cost of Goods Sold,,,Inventory Asset,,,,,,,,Sales and Purchases,true,true,false
2106585000000109645,Steelo S.S. Lunch Box  (Prexo),,,,INR 401.50,Sales,,true,,,goods,GST18,18.000000,Group,IGST18,18.000000,Simple,1,,,Active,,,INR 255.00,Cost of Goods Sold,,,Inventory Asset,,,,,,,,Sales and Purchases,true,true,false
2106585000000109654,Lunch Box S.S. Flipto  (Prexo),flipto,3924,,INR 420.00,Sales,,true,,,goods,GST18,18.000000,Group,IGST18,18.000000,Simple,1,,,Active,pcs,Pieces,INR 280.00,Cost of Goods Sold,,,Inventory Asset,,,,,,,,Sales and Purchases,true,true,false
2106585000000109663,Bottle S.S. Sipper Cap Multi Utility - 900ML,,3924,,INR 140.40,Sales,,true,,,goods,GST18,18.000000,Group,IGST18,18.000000,Simple,1,,,Active,pcs,Pieces,INR 97.00,Cost of Goods Sold,,,Inventory Asset,,,,,,,,Sales and Purchases,true,true,false
2106585000000109868,SUPER KNIFE,,3924,,INR 52.26,Sales,,true,,,goods,GST18,18.000000,Group,IGST18,18.000000,Simple,1,,,Active,dz,Dozen,INR 36.00,Cost of Goods Sold,,,Inventory Asset,,,,,,,,Sales and Purchases,true,true,false
2106585000000109877,X- Vegetable Knife,,3924,,INR 72.58,Sales,,true,,,goods,GST18,18.000000,Group,IGST18,18.000000,Simple,1,,,Active,dz,Dozen,INR 50.00,Cost of Goods Sold,,,Inventory Asset,,,,,,,,Sales and Purchases,true,true,false
2106585000000109886,Serrated Knife,,3924,,INR 243.80,Sales,,true,,,goods,GST18,18.000000,Group,IGST18,18.000000,Simple,1,,,Active,dz,Dozen,INR 168.00,Cost of Goods Sold,,,Inventory Asset,,,,,,,,Sales and Purchases,true,true,false
2106585000000109917,Knife-21,,3924,,INR 161.50,Sales,,true,,,goods,GST18,18.000000,Group,IGST18,18.000000,Simple,1,,,Active,dz,Dozen,INR 111.00,Cost of Goods Sold,,,Inventory Asset,,,,,,,,Sales and Purchases,true,true,false
2106585000000109926,Knife Apple Lazar,,3924,,INR 30.47,Sales,,true,,,goods,GST18,18.000000,Group,IGST18,18.000000,Simple,1,,,Active,pcs,Pieces,INR 21.00,Cost of Goods Sold,,,Inventory Asset,,,,,,,,Sales and Purchases,true,true,false
2106585000000111001,Knife Apple Plain,,3924,,INR 30.50,Sales,,true,,,goods,GST18,18.000000,Group,IGST18,18.000000,Simple,1,,,Active,pcs,Pieces,INR 21.00,Cost of Goods Sold,,,Inventory Asset,,,,,,,,Sales and Purchases,true,true,false
2106585000000111010,Knife-786,,3924,,INR 100.20,Sales,,true,,,goods,GST18,18.000000,Group,IGST18,18.000000,Simple,1,,,Active,dz,Dozen,INR 69.00,Cost of Goods Sold,,,Inventory Asset,,,,,,,,Sales and Purchases,true,true,false
2106585000000111019,Excellent Peeling Knife,,3924,,INR 101.65,Sales,,true,,,goods,GST18,18.000000,Group,IGST18,18.000000,Simple,1,,,Active,pcs,Pieces,INR 70.00,Cost of Goods Sold,,,Inventory Asset,,,,,,,,Sales and Purchases,true,true,false
2106585000000112001,"D.C Cute Knife 8""",,3924,,INR 26.12,Sales,,true,,,goods,GST18,18.000000,Group,IGST18,18.000000,Simple,1,,,Active,pcs,Pieces,INR 18.00,Cost of Goods Sold,,,Inventory Asset,,,,,,,,Sales and Purchases,true,true,false
2106585000000112010,"D.C Cute Knife 9""",,3924,,INR 30.50,Sales,,true,,,goods,GST18,18.000000,Group,IGST18,18.000000,Simple,1,,,Active,pcs,Pieces,INR 21.00,Cost of Goods Sold,,,Inventory Asset,,,,,,,,Sales and Purchases,true,true,false
2106585000000112019,Knife Chef Big,,3924,,INR 140.70,Sales,,true,,,goods,GST18,18.000000,Group,IGST18,18.000000,Simple,1,,,Active,pcs,Pieces,INR 97.00,Cost of Goods Sold,,,Inventory Asset,,,,,,,,Sales and Purchases,true,true,false
2106585000000112028,Knife Wooden Handle (12 pcs),,3924,,INR 50.79,Sales,,true,,,goods,GST18,18.000000,Group,IGST18,18.000000,Simple,1,,,Active,dz,Dozen,INR 35.00,Cost of Goods Sold,,,Inventory Asset,,,,,,,,Sales and Purchases,true,true,false
2106585000000112037,LEMON SQUEEZER ALMUNIUM BLACK,,3924,,INR 130.60,Sales,,true,,,goods,GST18,18.000000,Group,IGST18,18.000000,Simple,1,,,Active,pcs,Pieces,INR 90.00,Cost of Goods Sold,,,Inventory Asset,,,,,,,,Sales and Purchases,true,true,false
2106585000000112046,Sumo Peeler,,3924,,INR 52.20,Sales,,true,,,goods,GST18,18.000000,Group,IGST18,18.000000,Simple,1,,,Active,dz,Dozen,INR 36.00,Cost of Goods Sold,,,Inventory Asset,,,,,,,,Sales and Purchases,true,true,false
2106585000000112055,X peeler,,3924,,INR 72.58,Sales,,true,,,goods,GST18,18.000000,Group,IGST18,18.000000,Simple,1,,,Active,dz,Dozen,INR 50.00,Cost of Goods Sold,,,Inventory Asset,,,,,,,,Sales and Purchases,true,true,false
2106585000000112064,Ring Peeler SS-12 pcs,,3924,,INR 72.58,Sales,,true,,,goods,GST18,18.000000,Group,IGST18,18.000000,Simple,1,,,Active,dz,Dozen,INR 50.00,Cost of Goods Sold,,,Inventory Asset,,,,,,,,Sales and Purchases,true,true,false
2106585000000112073,Excellent Peeling Peeler,,3924,,INR 101.60,Sales,,true,,,goods,GST18,18.000000,Group,IGST18,18.000000,Simple,1,,,Active,dz,Dozen,INR 70.00,Cost of Goods Sold,,,Inventory Asset,,,,,,,,Sales and Purchases,true,true,false
2106585000000112082,Peeler Colorful,,3924,,INR 75.40,Sales,,true,,,goods,GST18,18.000000,Group,IGST18,18.000000,Simple,1,,,Active,dz,Dozen,INR 52.00,Cost of Goods Sold,,,Inventory Asset,,,,,,,,Sales and Purchases,true,true,false
2106585000000112091,SS plain Knife,,7323,,INR 107.40,Sales,,true,,,goods,GST5,5.000000,Group,IGST5,5.000000,Simple,1,,,Active,dz,Dozen,INR 74.00,Cost of Goods Sold,,,Inventory Asset,,,,,,,,Sales and Purchases,true,true,false
2106585000000112108,SS PEELER,,7323,,INR 107.40,Sales,,true,,,goods,GST5,5.000000,Group,IGST5,5.000000,Simple,1,,,Active,dz,Dozen,INR 74.00,Cost of Goods Sold,,,Inventory Asset,,,,,,,,Sales and Purchases,true,true,false
2106585000000112125,Lemon Squeezer SS Heavy,,7323,,INR 87.08,Sales,,true,,,goods,GST5,5.000000,Group,IGST5,5.000000,Simple,1,,,Active,pcs,Pieces,INR 60.00,Cost of Goods Sold,,,Inventory Asset,,,,,,,,Sales and Purchases,true,true,false
2106585000000112234,Lunch Box 3 Compartments,,3924,,INR 442.00,Sales,,true,,,goods,GST18,18.000000,Group,IGST18,18.000000,Simple,1,,,Active,pcs,Pieces,INR 305.00,Cost of Goods Sold,,,Inventory Asset,,,,,,,,Sales and Purchases,true,true,false
2106585000000113001,LUNCHEX Kids Lunch Box,,3924,,INR 79.83,Sales,,true,,,goods,GST18,18.000000,Group,IGST18,18.000000,Simple,1,,,Active,pcs,Pieces,INR 55.00,Cost of Goods Sold,,,Inventory Asset,,,,,,,,Sales and Purchases,true,true,false
2106585000000113010,LUNCH BOX EASY,,3924,,INR 42.09,Sales,,true,,,goods,GST18,18.000000,Group,IGST18,18.000000,Simple,1,,,Active,pcs,Pieces,INR 29.00,Cost of Goods Sold,,,Inventory Asset,,,,,,,,Sales and Purchases,true,true,false
2106585000000113019,LUNCH BOX LOCK & LOCK TRASNPARENT,,3924,,INR 65.30,Sales,,true,,,goods,GST18,18.000000,Group,IGST18,18.000000,Simple,1,,,Active,pcs,Pieces,INR 45.00,Cost of Goods Sold,,,Inventory Asset,,,,,,,,Sales and Purchases,true,true,false
2106585000000113028,Lunch Box Kids Printed(Box Pack),,3924,,INR 65.30,Sales,,true,,,goods,GST18,18.000000,Group,IGST18,18.000000,Simple,1,,,Active,pcs,Pieces,INR 45.00,Cost of Goods Sold,,,Inventory Asset,,,,,,,,Sales and Purchases,true,true,false
2106585000000113037,Lunch Box Divine(Plain) (Box Pack),,3924,,INR 62.40,Sales,,true,,,goods,GST18,18.000000,Group,IGST18,18.000000,Simple,1,,,Active,pcs,Pieces,INR 43.00,Cost of Goods Sold,,,Inventory Asset,,,,,,,,Sales and Purchases,true,true,false
2106585000000113046,Lunch Box Froggy,,3924,,INR 116.12,Sales,,true,,,goods,GST18,18.000000,Group,IGST18,18.000000,Simple,1,,,Active,pcs,Pieces,INR 80.00,Cost of Goods Sold,,,Inventory Asset,,,,,,,,Sales and Purchases,true,true,false
2106585000000113055,Lunch Box Printed With locket(Best),,3924,,INR 63.80,Sales,,true,,,goods,GST18,18.000000,Group,IGST18,18.000000,Simple,1,,,Active,pcs,Pieces,INR 44.00,Cost of Goods Sold,,,Inventory Asset,,,,,,,,Sales and Purchases,true,true,false
2106585000000113064,Lunch Box Square 2 Deck  Printed Locket (Poly Pack),,3924,,INR 75.40,Sales,,true,,,goods,GST18,18.000000,Group,IGST18,18.000000,Simple,1,,,Active,pcs,Pieces,INR 52.00,Cost of Goods Sold,,,Inventory Asset,,,,,,,,Sales and Purchases,true,true,false
2106585000000113073,D.C. 3pcs Knife Set,,3924,,INR 68.20,Sales,,true,,,goods,GST18,18.000000,Group,IGST18,18.000000,Simple,1,,,Active,pcs,Pieces,INR 47.00,Cost of Goods Sold,,,Inventory Asset,,,,,,,,Sales and Purchases,true,true,false
2106585000000113082,Bread Knife Special,,3924,,INR 53.70,Sales,,true,,,goods,GST18,18.000000,Group,IGST18,18.000000,Simple,1,,,Active,pcs,Pieces,INR 37.00,Cost of Goods Sold,,,Inventory Asset,,,,,,,,Sales and Purchases,true,true,false
2106585000000113091,Mug Chai Steel Cup [6pcs Set],,3924,,INR 264.16,Sales,,true,,,goods,GST18,18.000000,Group,IGST18,18.000000,Simple,1,,,Active,pcs,Pieces,INR 182.00,Cost of Goods Sold,,,Inventory Asset,,,,,,,,Sales and Purchases,true,true,false
2106585000000113100,Peeler Classic B029,,3924,,INR 37.80,Sales,,true,,,goods,GST18,18.000000,Group,IGST18,18.000000,Simple,1,,,Active,pcs,Pieces,INR 26.00,Cost of Goods Sold,,,Inventory Asset,,,,,,,,Sales and Purchases,true,true,false
2106585000000113109,Oil Brush Silicone [Length 8Inch(240mm)],,3924,,INR 17.40,Sales,,true,,,goods,GST18,18.000000,Group,IGST18,18.000000,Simple,1,,,Active,pcs,Pieces,INR 12.00,Cost of Goods Sold,,,Inventory Asset,,,,,,,,Sales and Purchases,true,true,false
2106585000000113158,LEMON SQUEEZER ALUMINIUM SILVER,,3924,,INR 130.62,Sales,,true,,,goods,GST18,18.000000,Group,IGST18,18.000000,Simple,1,,,Active,pcs,Pieces,INR 90.00,Cost of Goods Sold,,,Inventory Asset,,,,,,,,Sales and Purchases,true,true,false
2106585000000113167,Masher Wooden Handle,,3924,,INR 63.86,Sales,,true,,,goods,GST18,18.000000,Group,IGST18,18.000000,Simple,1,,,Active,pcs,Pieces,INR 44.00,Cost of Goods Sold,,,Inventory Asset,,,,,,,,Sales and Purchases,true,true,false
2106585000000113176,Masher S.S Handle,,3924,,INR 91.43,Sales,,true,,,goods,GST18,18.000000,Group,IGST18,18.000000,Simple,1,,,Active,pcs,Pieces,INR 63.00,Cost of Goods Sold,,,Inventory Asset,,,,,,,,Sales and Purchases,true,true,false
2106585000000113185,Masala Box Super King,,3924,,INR 79.83,Sales,,true,,,goods,GST18,18.000000,Group,IGST18,18.000000,Simple,1,,,Active,pcs,Pieces,INR 55.00,Cost of Goods Sold,,,Inventory Asset,,,,,,,,Sales and Purchases,true,true,false
2106585000000113194,MASALA & DRYFRUIT Atlantic,,3924,,INR 84.18,Sales,,true,,,goods,GST18,18.000000,Group,IGST18,18.000000,Simple,1,,,Active,pcs,Pieces,INR 58.00,Cost of Goods Sold,,,Inventory Asset,,,,,,,,Sales and Purchases,true,true,false
2106585000000113203,Masala Box SHAGUN,,3924,,INR 126.27,Sales,,true,,,goods,GST18,18.000000,Group,IGST18,18.000000,Simple,1,,,Active,pcs,Pieces,INR 87.00,Cost of Goods Sold,,,Inventory Asset,,,,,,,,Sales and Purchases,true,true,false
2106585000000113212,Masala Box King,,3924,,INR 65.31,Sales,,true,,,goods,GST18,18.000000,Group,IGST18,18.000000,Simple,1,,,Active,pcs,Pieces,INR 45.00,Cost of Goods Sold,,,Inventory Asset,,,,,,,,Sales and Purchases,true,true,false
2106585000000113221,Whisk Full S.S. No.2 ( 10 inch),,3924,,INR 39.19,Sales,,true,,,goods,GST18,18.000000,Group,IGST18,18.000000,Simple,1,,,Active,pcs,Pieces,INR 27.00,Cost of Goods Sold,,,Inventory Asset,,,,,,,,Sales and Purchases,true,true,false
2106585000000113230,Whisk Full S.S. No.3 (11 inch),,3924,,INR 43.54,Sales,,true,,,goods,GST18,18.000000,Group,IGST18,18.000000,Simple,1,,,Active,pcs,Pieces,INR 30.00,Cost of Goods Sold,,,Inventory Asset,,,,,,,,Sales and Purchases,true,true,false
2106585000000113239,Whisk Plastic Handle No.2,,3924,,INR 40.64,Sales,,true,,,goods,GST18,18.000000,Group,IGST18,18.000000,Simple,1,,,Active,pcs,Pieces,INR 28.00,Cost of Goods Sold,,,Inventory Asset,,,,,,,,Sales and Purchases,true,true,false
2106585000000113248,CHOPPING BOARD COLOR LARGE,,3924,,INR 99.25,Sales,,true,,,goods,GST18,18.000000,Group,IGST18,18.000000,Simple,1,,,Active,pcs,Pieces,INR 67.00,Cost of Goods Sold,,,Inventory Asset,,,,,,,,Sales and Purchases,true,true,false
2106585000000113257,Chopping Board WHITE LARGE,,3924,,INR 148.04,Sales,,true,,,goods,GST18,18.000000,Group,IGST18,18.000000,Simple,1,,,Active,pcs,Pieces,INR 102.00,Cost of Goods Sold,,,Inventory Asset,,,,,,,,Sales and Purchases,true,true,false
2106585000000113266,Wooden MDF Chopping,,3924,,INR 123.27,Sales,,true,,,goods,GST18,18.000000,Group,IGST18,18.000000,Simple,1,,,Active,pcs,Pieces,INR 85.00,Cost of Goods Sold,,,Inventory Asset,,,,,,,,Sales and Purchases,true,true,false
2106585000000113275,Quick Chopper 450ml,,3924,,INR 89.98,Sales,,true,,,goods,GST18,18.000000,Group,IGST18,18.000000,Simple,1,,,Active,pcs,Pieces,INR 62.00,Cost of Goods Sold,,,Inventory Asset,,,,,,,,Sales and Purchases,true,true,false
2106585000000113284,Lighter S.S,,3924,,INR 34.84,Sales,,true,,,goods,GST18,18.000000,Group,IGST18,18.000000,Simple,1,,,Active,pcs,Pieces,INR 24.00,Cost of Goods Sold,,,Inventory Asset,,,,,,,,Sales and Purchases,true,true,false
2106585000000113293,Tong S.S. No.3 (135g),,3924,,INR 42.09,Sales,,true,,,goods,GST18,18.000000,Group,IGST18,18.000000,Simple,1,,,Active,pcs,Pieces,INR 29.00,Cost of Goods Sold,,,Inventory Asset,,,,,,,,Sales and Purchases,true,true,false
2106585000000113436,Lemon Squeezer Aluminum (W),,3924,,INR 111.75,Sales,,true,,,goods,GST18,18.000000,Group,IGST18,18.000000,Simple,1,,,Active,pcs,Pieces,INR 77.00,Cost of Goods Sold,,,Inventory Asset,,,,,,,,Sales and Purchases,true,true,false
2106585000000113479,Chilly Cutter S.S. Heavy 310g,,3924,,INR 130.62,Sales,,true,,,goods,GST18,18.000000,Group,IGST18,18.000000,Simple,1,,,Active,pcs,Pieces,INR 90.00,Cost of Goods Sold,,,Inventory Asset,,,,,,,,Sales and Purchases,true,true,false
2106585000000113488,Chopper Easy 700ml Heavy,,3924,,INR 94.35,Sales,,true,,,goods,GST18,18.000000,Group,IGST18,18.000000,Simple,1,,,Active,pcs,Pieces,INR 65.00,Cost of Goods Sold,,,Inventory Asset,,,,,,,,Sales and Purchases,true,true,false
2106585000000113497,Cheese Grater SS,,3924,,INR 7.25,Sales,,true,,,goods,GST18,18.000000,Group,IGST18,18.000000,Simple,1,,,Active,pcs,Pieces,INR 5.00,Cost of Goods Sold,,,Inventory Asset,,,,,,,,Sales and Purchases,true,true,false
2106585000000113506,Oil Dispenser Bottle 500ml,,3924,,INR 42.09,Sales,,true,,,goods,GST18,18.000000,Group,IGST18,18.000000,Simple,1,,,Active,pcs,Pieces,INR 29.00,Cost of Goods Sold,,,Inventory Asset,,,,,,,,Sales and Purchases,true,true,false
2106585000000113515,Power Free Hand Beater -Z010,,3924,,INR 50.79,Sales,,true,,,goods,GST18,18.000000,Group,IGST18,18.000000,Simple,1,,,Active,pcs,Pieces,INR 35.00,Cost of Goods Sold,,,Inventory Asset,,,,,,,,Sales and Purchases,true,true,false
2106585000000113524,Power Free Hand Beater - jumbo,,3924,,INR 94.35,Sales,,true,,,goods,GST18,18.000000,Group,IGST18,18.000000,Simple,1,,,Active,pcs,Pieces,INR 65.00,Cost of Goods Sold,,,Inventory Asset,,,,,,,,Sales and Purchases,true,true,false
2106585000000113533,Lighter 12 Aani / 1 Feet plastic grip,,3924,,INR 52.26,Sales,,true,,,goods,GST18,18.000000,Group,IGST18,18.000000,Simple,1,,,Active,pcs,Pieces,INR 36.00,Cost of Goods Sold,,,Inventory Asset,,,,,,,,Sales and Purchases,true,true,false
2106585000000113542,Masher Polygon (J.K),,3924,,INR 162.56,Sales,,true,,,goods,GST18,18.000000,Group,IGST18,18.000000,Simple,1,,,Active,pcs,Pieces,INR 112.00,Cost of Goods Sold,,,Inventory Asset,,,,,,,,Sales and Purchases,true,true,false
2106585000000116003,Spring Rawai S.S SUPRIMO,,3924,,INR 31.94,Sales,,true,,,goods,GST18,18.000000,Group,IGST18,18.000000,Simple,1,,,Active,pcs,Pieces,INR 22.00,Cost of Goods Sold,,,Inventory Asset,,,,,,,,Sales and Purchases,true,true,false
2106585000000116012,Polpat Steel Base With bellan,,3924,,INR 203.20,Sales,,true,,,goods,GST18,18.000000,Group,IGST18,18.000000,Simple,1,,,Active,box,Box,INR 140.00,Cost of Goods Sold,,,Inventory Asset,,,,,,,,Sales and Purchases,true,true,false
2106585000000116021,L Shape Masher,,3924,,INR 71.11,Sales,,true,,,goods,GST18,18.000000,Group,IGST18,18.000000,Simple,1,,,Active,pcs,Pieces,INR 49.00,Cost of Goods Sold,,,Inventory Asset,,,,,,,,Sales and Purchases,true,true,false
2106585000000116030,Duster Cleaning Kitchen/ Floor 16*16,,3924,,INR 50.79,Sales,,true,,,goods,GST18,18.000000,Group,IGST18,18.000000,Simple,1,,,Active,pcs,Pieces,INR 35.00,Cost of Goods Sold,,,Inventory Asset,,,,,,,,Sales and Purchases,true,true,false
2106585000000116039,Mini Mobile Stand,,3924,,INR 0.654,Sales,,true,,,goods,GST18,18.000000,Group,IGST18,18.000000,Simple,1,,,Active,pcs,Pieces,INR 4.50,Cost of Goods Sold,,,Inventory Asset,,,,,,,,Sales and Purchases,true,true,false
2106585000000116048,Mobile Ok Stand,,3924,,INR 16.70,Sales,,true,,,goods,GST18,18.000000,Group,IGST18,18.000000,Simple,1,,,Active,pcs,Pieces,INR 11.50,Cost of Goods Sold,,,Inventory Asset,,,,,,,,Sales and Purchases,true,true,false
2106585000000116057,Dustpan Plastic BIG Size (paan) 1 Dozen,,3924,,INR 177.08,Sales,,true,,,goods,GST18,18.000000,Group,IGST18,18.000000,Simple,1,,,Active,dz,Dozen,INR 122.00,Cost of Goods Sold,,,Inventory Asset,,,,,,,,Sales and Purchases,true,true,false
2106585000000116066,Gym Shaker Bottle 1500ml,,3924,,INR 82.74,Sales,,true,,,goods,GST18,18.000000,Group,IGST18,18.000000,Simple,1,,,Active,pcs,Pieces,INR 57.00,Cost of Goods Sold,,,Inventory Asset,,,,,,,,Sales and Purchases,true,true,false
2106585000000116075,Gym Shaker Bottle With Ball 700ml,,3924,,INR 55.16,Sales,,true,,,goods,GST18,18.000000,Group,IGST18,18.000000,Simple,1,,,Active,pcs,Pieces,INR 38.00,Cost of Goods Sold,,,Inventory Asset,,,,,,,,Sales and Purchases,true,true,false
2106585000000116084,Chopping Board LARGE Plastic 15mm,,3924,,INR 413.65,Sales,,true,,,goods,GST18,18.000000,Group,IGST18,18.000000,Simple,1,,,Active,pcs,Pieces,INR 285.00,Cost of Goods Sold,,,Inventory Asset,,,,,,,,Sales and Purchases,true,true,false
2106585000000116093,S.S. Khalbatta No.04 1311gm,,7323,,INR 306.25,Sales,,true,,,goods,GST5,5.000000,Group,IGST5,5.000000,Simple,1,,,Active,pcs,Pieces,INR 211.00,Cost of Goods Sold,,,Inventory Asset,,,,,,,,Sales and Purchases,true,true,false
2106585000000116102,Spring Rawai S.S delux,,7323,,INR 46.44,Sales,,true,,,goods,GST5,5.000000,Group,IGST5,5.000000,Simple,1,,,Active,pcs,Pieces,INR 32.00,Cost of Goods Sold,,,Inventory Asset,,,,,,,,Sales and Purchases,true,true,false
2106585000000116111,MASHER S.S.,,3924,,INR 79.83,Sales,,true,,,goods,GST12,12.000000,Group,IGST12,12.000000,Simple,1,,,Active,pcs,Pieces,INR 55.00,Cost of Goods Sold,,,Inventory Asset,,,,,,,,Sales and Purchases,true,true,false
2106585000000116365,BOTTLE FORSTI,,3924,,INR 34.84,Sales,,true,,,goods,GST18,18.000000,Group,IGST18,18.000000,Simple,1,,,Active,pcs,Pieces,INR 24.00,Cost of Goods Sold,,,Inventory Asset,,,,,,,,Sales and Purchases,true,true,false
2106585000000116374,BOTTLE STAINLESS STEEL,,3924,,INR 123.37,Sales,,true,,,goods,GST18,18.000000,Group,IGST18,18.000000,Simple,1,,,Active,pcs,Pieces,INR 85.00,Cost of Goods Sold,,,Inventory Asset,,,,,,,,Sales and Purchases,true,true,false
2106585000000121001,BOTTLE SS PREMIUM,,3924,,INR 152.39,Sales,,true,,,goods,GST18,18.000000,Group,IGST18,18.000000,Simple,1,,,Active,pcs,Pieces,INR 105.00,Cost of Goods Sold,,,Inventory Asset,,,,,,,,Sales and Purchases,true,true,false
2106585000000121010,MUG VOLVO 1000 ML FIRST,,3924,,INR 127.70,Sales,,true,,,goods,GST18,18.000000,Group,IGST18,18.000000,Simple,1,,,Active,dz,Dozen,INR 88.00,Cost of Goods Sold,,,Inventory Asset,,,,,,,,Sales and Purchases,true,true,false
2106585000000121019,MUG VOLVO 1000 ML MILKY,,3924,,INR 101.60,Sales,,true,,,goods,GST18,18.000000,Group,IGST18,18.000000,Simple,1,,,Active,dz,Dozen,INR 70.00,Cost of Goods Sold,,,Inventory Asset,,,,,,,,Sales and Purchases,true,true,false
2106585000000121028,MUG VOLVO 750 ML MILKY,,3924,,INR 87.08,Sales,,true,,,goods,GST18,18.000000,Group,IGST18,18.000000,Simple,1,,,Active,dz,Dozen,INR 60.00,Cost of Goods Sold,,,Inventory Asset,,,,,,,,Sales and Purchases,true,true,false
2106585000000121037,SOAP CASE BIG KHATLA,,3924,,INR 139.34,Sales,,true,,,goods,GST18,18.000000,Group,IGST18,18.000000,Simple,1,,,Active,dz,Dozen,INR 96.00,Cost of Goods Sold,,,Inventory Asset,,,,,,,,Sales and Purchases,true,true,false
2106585000000121046,MASALA BOX SEQ. FIRST,,3924,,INR 333.40,Sales,,true,,,goods,GST18,18.000000,Group,IGST18,18.000000,Simple,1,,,Active,dz,Dozen,INR 230.00,Cost of Goods Sold,,,Inventory Asset,,,,,,,,Sales and Purchases,true,true,false
2106585000000121055,MASALA BOX SEQ. mini,,3924,,INR 139.34,Sales,,true,,,goods,GST18,18.000000,Group,IGST18,18.000000,Simple,1,,,Active,dz,Dozen,INR 96.00,Cost of Goods Sold,,,Inventory Asset,,,,,,,,Sales and Purchases,true,true,false
2106585000000121064,ZEBRA KNIFE (PLAIN),,3924,,INR 89.98,Sales,,true,,,goods,GST18,18.000000,Group,IGST18,18.000000,Simple,1,,,Active,dz,Dozen,INR 62.00,Cost of Goods Sold,,,Inventory Asset,,,,,,,,Sales and Purchases,true,true,false
2106585000000121073,FIGO LIGHTER,,3924,,INR 82.73,Sales,,true,,,goods,GST18,18.000000,Group,IGST18,18.000000,Simple,1,,,Active,pcs,Pieces,INR 57.00,Cost of Goods Sold,,,Inventory Asset,,,,,,,,Sales and Purchases,true,true,false
2106585000000121082,CELTRON LIGHTER,,3924,,INR 39.19,Sales,,true,,,goods,GST18,18.000000,Group,IGST18,18.000000,Simple,1,,,Active,pcs,Pieces,INR 27.00,Cost of Goods Sold,,,Inventory Asset,,,,,,,,Sales and Purchases,true,true,false
2106585000000121091,GAS TROLLY STEEL REGULAR,,3924,,INR 207.55,Sales,,true,,,goods,GST18,18.000000,Group,IGST18,18.000000,Simple,1,,,Active,pcs,Pieces,INR 143.00,Cost of Goods Sold,,,Inventory Asset,,,,,,,,Sales and Purchases,true,true,false
2106585000000121182,GAS TROLLY STEEL HEAVY,,7323,,INR 275.76,Sales,,true,,,goods,GST5,5.000000,Group,IGST5,5.000000,Simple,1,,,Active,pcs,Pieces,INR 190.00,Cost of Goods Sold,,,Inventory Asset,,,,,,,,Sales and Purchases,true,true,false
2106585000000121191,PUSH CHOPPER 650 ML STEEL KING,,3924,,INR 84.18,Sales,,true,,,goods,GST18,18.000000,Group,IGST18,18.000000,Simple,1,,,Active,pcs,Pieces,INR 58.00,Cost of Goods Sold,,,Inventory Asset,,,,,,,,Sales and Purchases,true,true,false
2106585000000121200,NENO JUICER 2 IN 1,,3924,,INR 36.25,Sales,,true,,,goods,GST18,18.000000,Group,IGST18,18.000000,Simple,1,,,Active,pcs,Pieces,INR 25.00,Cost of Goods Sold,,,Inventory Asset,,,,,,,,Sales and Purchases,true,true,false
2106585000000121209,Spray bottle,,3924,,INR 31.94,Sales,,true,,,goods,GST18,18.000000,Group,IGST18,18.000000,Simple,1,,,Active,pcs,Pieces,INR 22.00,Cost of Goods Sold,,,Inventory Asset,,,,,,,,Sales and Purchases,true,true,false
2106585000000121218,BREAD CUTTER REGULAR BLACK,,3924,,INR 60.96,Sales,,true,,,goods,GST18,18.000000,Group,IGST18,18.000000,Simple,1,,,Active,dz,Dozen,INR 42.00,Cost of Goods Sold,,,Inventory Asset,,,,,,,,Sales and Purchases,true,true,false
2106585000000121227,ZEBRA PILLAR,,3924,,INR 89.98,Sales,,true,,,goods,GST18,18.000000,Group,IGST18,18.000000,Simple,1,,,Active,pcs,Pieces,INR 62.00,Cost of Goods Sold,,,Inventory Asset,,,,,,,,Sales and Purchases,true,true,false
2106585000000121236,BIG N.G. LIGHTER,,3924,,INR 11.17,Sales,,true,,,goods,GST18,18.000000,Group,IGST18,18.000000,Simple,1,,,Active,pcs,Pieces,INR 7.70,Cost of Goods Sold,,,Inventory Asset,,,,,,,,Sales and Purchases,true,true,false
2106585000000121245,GAS TROLLEY,,3924,,INR 82.73,Sales,,true,,,goods,GST18,18.000000,Group,IGST18,18.000000,Simple,1,,,Active,pcs,Pieces,INR 57.00,Cost of Goods Sold,,,Inventory Asset,,,,,,,,Sales and Purchases,true,true,false
2106585000000121276,JUICER ORANGE,,3924,,INR 29.10,Sales,,true,,,goods,GST18,18.000000,Group,IGST18,18.000000,Simple,1,,,Active,pcs,Pieces,INR 20.00,Cost of Goods Sold,,,Inventory Asset,,,,,,,,Sales and Purchases,true,true,false
2106585000000121285,DIL LIGHTER LOOSE,,3924,,INR 16.69,Sales,,true,,,goods,GST18,18.000000,Group,IGST18,18.000000,Simple,1,,,Active,pcs,Pieces,INR 11.50,Cost of Goods Sold,,,Inventory Asset,,,,,,,,Sales and Purchases,true,true,false
2106585000000121294,AK47 LIGHTER,,3924,,INR 39.19,Sales,,true,,,goods,GST18,18.000000,Group,IGST18,18.000000,Simple,1,,,Active,pcs,Pieces,INR 27.00,Cost of Goods Sold,,,Inventory Asset,,,,,,,,Sales and Purchases,true,true,false
2106585000000121303,SOLO KNIFE (PLAIN),,3924,,INR 69.66,Sales,,true,,,goods,GST18,18.000000,Group,IGST18,18.000000,Simple,1,,,Active,dz,Dozen,INR 48.00,Cost of Goods Sold,,,Inventory Asset,,,,,,,,Sales and Purchases,true,true,false
2106585000000121312,99 KNIFE (PLAIN),,3924,,INR 42.09,Sales,,true,,,goods,GST18,18.000000,Group,IGST18,18.000000,Simple,1,,,Active,dz,Dozen,INR 29.00,Cost of Goods Sold,,,Inventory Asset,,,,,,,,Sales and Purchases,true,true,false
2106585000000121321,ANJAR KNIFE BIG,,3924,,INR 116.12,Sales,,true,,,goods,GST18,18.000000,Group,IGST18,18.000000,Simple,1,,,Active,dz,Dozen,INR 80.00,Cost of Goods Sold,,,Inventory Asset,,,,,,,,Sales and Purchases,true,true,false
2106585000000121330,ANJAR KNIFE REGULAR,,3924,,INR 92.88,Sales,,true,,,goods,GST18,18.000000,Group,IGST18,18.000000,Simple,1,,,Active,dz,Dozen,INR 64.00,Cost of Goods Sold,,,Inventory Asset,,,,,,,,Sales and Purchases,true,true,false
2106585000000121339,FIGHTER KNIFE (PLAIN),,3924,,INR 58.06,Sales,,true,,,goods,GST18,18.000000,Group,IGST18,18.000000,Simple,1,,,Active,dz,Dozen,INR 40.00,Cost of Goods Sold,,,Inventory Asset,,,,,,,,Sales and Purchases,true,true,false
2106585000000121348,VOLVO KNIFE BOX PACK (PLAIN),,3924,,INR 79.83,Sales,,true,,,goods,GST18,18.000000,Group,IGST18,18.000000,Simple,1,,,Active,dz,Dozen,INR 55.00,Cost of Goods Sold,,,Inventory Asset,,,,,,,,Sales and Purchases,true,true,false
2106585000000121357,WOODEN TALWAR,,3924,,INR 47.89,Sales,,true,,,goods,GST18,18.000000,Group,IGST18,18.000000,Simple,1,,,Active,dz,Dozen,INR 33.00,Cost of Goods Sold,,,Inventory Asset,,,,,,,,Sales and Purchases,true,true,false
2106585000000121366,WOODEN TEMPOR S.S.,,3924,,INR 62.41,Sales,,true,,,goods,GST18,18.000000,Group,IGST18,18.000000,Simple,1,,,Active,dz,Dozen,INR 43.00,Cost of Goods Sold,,,Inventory Asset,,,,,,,,Sales and Purchases,true,true,false
2106585000000121473,SS Pipe point colour Knife,,3924,,INR 110.30,Sales,,true,,,goods,GST18,18.000000,Group,IGST18,18.000000,Simple,1,,,Active,dz,Dozen,INR 76.00,Cost of Goods Sold,,,Inventory Asset,,,,,,,,Sales and Purchases,true,true,false
2106585000000121482,"Whisk Steel 9""",,3924,,INR 34.92,Sales,,true,,,goods,GST18,18.000000,Group,IGST18,18.000000,Simple,1,,,Active,pcs,Pieces,INR 24.00,Cost of Goods Sold,,,Inventory Asset,,,,,,,,Sales and Purchases,true,true,false
2106585000000121491,WHISKER PLASTIC HANDLE HEAVY 9'',,3924,,INR 40.60,Sales,,true,,,goods,GST18,18.000000,Group,IGST18,18.000000,Simple,1,,,Active,pcs,Pieces,INR 28.00,Cost of Goods Sold,,,Inventory Asset,,,,,,,,Sales and Purchases,true,true,false
2106585000000121500,SMALL N.G. LIGHTER,,3924,,INR 9.70,Sales,,true,,,goods,GST18,18.000000,Group,IGST18,18.000000,Simple,1,,,Active,pcs,Pieces,INR 6.70,Cost of Goods Sold,,,Inventory Asset,,,,,,,,Sales and Purchases,true,true,false
2106585000000124185,UNBREAKABLE GLASS,,3924,,INR 94.88,Sales,,true,,,goods,GST18,18.000000,Group,IGST18,18.000000,Simple,1,,,Active,pcs,Pieces,INR 64.00,Cost of Goods Sold,,,Inventory Asset,,,,,,,,Sales and Purchases,true,true,false
2106585000000148195,TIBROS Funky series-Canvas (M) 31.5*23.5,,3924,,INR 114.40,Sales,,true,,,goods,GST18,18.000000,Group,IGST18,18.000000,Simple,1,,,Active,pcs,Pieces,INR 86.24,Cost of Goods Sold,,,Inventory Asset,,,,,,,,Sales and Purchases,true,true,false
2106585000000148204,TIBROS Matt series- Canvas (M) 31.5*23.5,,3924,,INR 114.40,Sales,,true,,,goods,GST18,18.000000,Group,IGST18,18.000000,Simple,1,,,Active,pcs,Pieces,INR 86.24,Cost of Goods Sold,,,Inventory Asset,,,,,,,,Sales and Purchases,true,true,false
2106585000000148213,TIBROS Matt series- Canvas (S) 25*18,,3924,,INR 67.60,Sales,,true,,,goods,GST18,18.000000,Group,IGST18,18.000000,Simple,1,,,Active,pcs,Pieces,INR 50.96,Cost of Goods Sold,,,Inventory Asset,,,,,,,,Sales and Purchases,true,true,false
2106585000000148222,TIBROS Ethnic Series- Canvas Tray (S) 25*18,,3924,,INR 72.80,Sales,,true,,,goods,GST18,18.000000,Group,IGST18,18.000000,Simple,1,,,Active,pcs,Pieces,INR 54.88,Cost of Goods Sold,,,Inventory Asset,,,,,,,,Sales and Purchases,true,true,false
2106585000000148231,TIBROS Ethnic Series- Canvas Tray (M) 31.5*23.5,,3924,,INR 124.80,Sales,,true,,,goods,GST18,18.000000,Group,IGST18,18.000000,Simple,1,,,Active,pcs,Pieces,INR 94.08,Cost of Goods Sold,,,Inventory Asset,,,,,,,,Sales and Purchases,true,true,false
2106585000000148240,TIBROS Smart Series - Dining Set (32 pcs),,3924,,INR 1206.40,Sales,,true,,,goods,GST18,18.000000,Group,IGST18,18.000000,Simple,1,,,Active,box,Box,INR 909.44,Cost of Goods Sold,,,Inventory Asset,,,,,,,,Sales and Purchases,true,true,false
2106585000000148249,TIBROS Urmi Series - Dining Set (37 pcs) 37 Pcs,,3924,,INR 2022.80,Sales,,true,,,goods,GST18,18.000000,Group,IGST18,18.000000,Simple,1,,,Active,box,Box,INR 1524.00,Cost of Goods Sold,,,Inventory Asset,,,,,,,,Sales and Purchases,true,true,false
2106585000000148258,TIBROS Ethinc Series - Dining Set (33 pcs),,3924,,INR 2379.00,Sales,,true,,,goods,GST18,18.000000,Group,IGST18,18.000000,Simple,1,,,Active,box,Box,INR 1515.00,Cost of Goods Sold,,,Inventory Asset,,,,,,,,Sales and Purchases,true,true,false
2106585000000148267,TIBROS Aster Series - Dining set (33 pcs),,3924,,INR 2126.80,Sales,,true,,,goods,GST18,18.000000,Group,IGST18,18.000000,Simple,1,,,Active,box,Box,INR 1355.00,Cost of Goods Sold,,,Inventory Asset,,,,,,,,Sales and Purchases,true,true,false
2106585000000148276,TIBROS Aster Prime Series- Dining Set (33 pcs),,3924,,INR 2194.40,Sales,,true,,,goods,GST18,18.000000,Group,IGST18,18.000000,Simple,1,,,Active,pcs,Pieces,INR 1400.00,Cost of Goods Sold,,,Inventory Asset,,,,,,,,Sales and Purchases,true,true,false
2106585000000148285,TIBROS Pearl Series-Dining set (31 pcs),,3924,,INR 2470.00,Sales,,true,,,goods,GST18,18.000000,Group,IGST18,18.000000,Simple,1,,,Active,box,Box,INR 1862.00,Cost of Goods Sold,,,Inventory Asset,,,,,,,,Sales and Purchases,true,true,false
2106585000000243001,TB-Stoneware 1110 Matt Mug,tb1110matt,69111029,,INR 49.40,Sales,,true,,,goods,GST5,5.000000,Group,IGST5,5.000000,Simple,1,,,Active,pcs,Pieces,INR 41.13,Cost of Goods Sold,,,Inventory Asset,,,,,,,,Sales and Purchases,true,true,false
2106585000000243010,TB Stoneware 1116 Mug,tb1116mug,69111029,,INR 75.40,Sales,,true,,,goods,GST5,5.000000,Group,IGST5,5.000000,Simple,1,,,Active,pcs,Pieces,INR 62.77,Cost of Goods Sold,,,Inventory Asset,,,,,,,,Sales and Purchases,true,true,false
2106585000000243019,TB Stoneware 1116 Sparkle Mug,,69111029,,INR 75.40,Sales,,true,,,goods,GST5,5.000000,Group,IGST5,5.000000,Simple,1,,,Active,pcs,Pieces,INR 62.77,Cost of Goods Sold,,,Inventory Asset,,,,,,,,Sales and Purchases,true,true,false
2106585000000243040,TB Stoneware 1147 Mug,,6911,,INR 85.80,Sales,,true,,,goods,GST5,5.000000,Group,IGST5,5.000000,Simple,1,,,Active,pcs,Pieces,INR 71.43,Cost of Goods Sold,,,Inventory Asset,,,,,,,,Sales and Purchases,true,true,false
2106585000000243049,TB Stoneware Handi (2 Pcs Set),,6911,,INR 163.80,Sales,,true,,,goods,GST5,5.000000,Group,IGST5,5.000000,Simple,1,,,Active,box,Box,INR 136.37,Cost of Goods Sold,,,Inventory Asset,,,,,,,,Sales and Purchases,true,true,false
2106585000000247037,TB Stoneware Cup & Saucer [Dual Tone],,6911,,INR 507.00,Sales,,true,,,goods,GST5,5.000000,Group,IGST5,5.000000,Simple,1,,,Active,pcs,Pieces,INR 422.11,Cost of Goods Sold,,,Inventory Asset,,,,,,,,Sales and Purchases,true,true,false
2106585000000247046,Tb-Stoneware Mug -1148 (S/6),,6911,,INR 234.00,Sales,,true,,,goods,GST5,5.000000,Group,IGST5,5.000000,Simple,1,,,Active,pcs,Pieces,INR 194.82,Cost of Goods Sold,,,Inventory Asset,,,,,,,,Sales and Purchases,true,true,false
2106585000000247055,Tb-Premium Gold Line Mug Set of 6 Pcs,,6911,,INR 358.80,Sales,,true,,,goods,GST5,5.000000,Group,IGST5,5.000000,Simple,1,,,Active,box,Box,INR 298.72,Cost of Goods Sold,,,Inventory Asset,,,,,,,,Sales and Purchases,true,true,false
2106585000000247068,Tb- Stoneware Chuski Mug TT Matt - 6 Pcs Set,,6911,,INR 241.80,Sales,,true,,,goods,GST5,5.000000,Group,IGST5,5.000000,Simple,1,,,Active,box,Box,INR 201.31,Cost of Goods Sold,,,Inventory Asset,,,,,,,,Sales and Purchases,true,true,false
2106585000000247077,Tb-Vintage Mug (1 PC)-Lava,,6911,,INR 80.60,Sales,,true,,,goods,GST5,5.000000,Group,IGST5,5.000000,Simple,1,,,Active,pcs,Pieces,INR 67.10,Cost of Goods Sold,,,Inventory Asset,,,,,,,,Sales and Purchases,true,true,false
2106585000000247094,Tb-Perfect Beverage (3 Pcs Set),,6911,,INR 377.00,Sales,,true,,,goods,GST5,5.000000,Group,IGST5,5.000000,Simple,1,,,Active,pcs,Pieces,INR 313.87,Cost of Goods Sold,,,Inventory Asset,,,,,,,,Sales and Purchases,true,true,false
2106585000000272003,MAXFRESH | Hot Pot Solitaire 4000,SHP4000,73239390,,INR 605.00,Sales,,true,,,goods,GST5,5.000000,Group,IGST5,5.000000,Simple,1,,,Active,pcs,Pieces,INR 405.13,Cost of Goods Sold,,,Inventory Asset,,,,,,,,Sales and Purchases,true,true,false
2106585000000272012,MAXFRESH | Hot Pot Solitaire 20000,SHP20000,73239390,,INR 2800.00,Sales,,true,,,goods,GST5,5.000000,Group,IGST5,5.000000,Simple,1,,,Active,pcs,Pieces,INR 1875.00,Cost of Goods Sold,,,Inventory Asset,,,,,,,,Sales and Purchases,true,true,false
2106585000000272047,MAXFRESH | Hot Pot Jet 2500,MXFJHP2500,73239390,,INR 605.00,Sales,,true,,,goods,GST5,5.000000,Group,IGST5,5.000000,Simple,1,,,Active,pcs,Pieces,INR 405.13,Cost of Goods Sold,,,Inventory Asset,,,,,,,,Sales and Purchases,true,true,false
2106585000000272068,MAXFRESH | Multi Kadai Mini (5-in-1 Set),MXFMKM5,73239390,,INR 1380.00,Sales,,true,,,goods,GST5,5.000000,Group,IGST5,5.000000,Simple,1,,,Active,pcs,Pieces,INR 736.61,Cost of Goods Sold,,,Inventory Asset,,,,,,,,Sales and Purchases,true,true,false
2106585000000272077,MAXFRESH | Triply Kadai 24cm with Glass Lid,MXFTK24,73239390,,INR 1380.00,Sales,,true,,,goods,GST5,5.000000,Group,IGST5,5.000000,Simple,1,,,Active,pcs,Pieces,INR 924.11,Cost of Goods Sold,,,Inventory Asset,,,,,,,,Sales and Purchases,true,true,false
2106585000000272088,MAXFRESH | Vacuum Flask 1000ml - Red,MXFVFR1000,96170011,,INR 513.60,Sales,,true,,,goods,GST18,18.000000,Group,IGST18,18.000000,Simple,1,,,Active,pcs,Pieces,INR 349.58,Cost of Goods Sold,,,Inventory Asset,,,,,,,,Sales and Purchases,true,true,false
2106585000000272109,MAXFRESH | Water Bottle Stylish 750ml,MXFS750,96170011,,INR 600.00,Sales,,true,,,goods,GST18,18.000000,Group,IGST18,18.000000,Simple,1,,,Active,pcs,Pieces,INR 444.92,Cost of Goods Sold,,,Inventory Asset,,,,,,,,Sales and Purchases,true,true,false
2106585000000272126,MAXFRESH | SS Tea Jar 10L,MXFSSTJ10,73239390,,INR 2200.00,Sales,,true,,,goods,GST5,5.000000,Group,IGST5,5.000000,Simple,1,,,Active,pcs,Pieces,INR 1473.21,Cost of Goods Sold,,,Inventory Asset,,,,,,,,Sales and Purchases,true,true,false
2106585000000274023,Bottle 02 Swissw,B02Swissw,3911,,INR 150.00,Sales,,true,,,goods,GST18,18.000000,Group,IGST18,18.000000,Simple,1,,,Active,box,Box,INR 99.00,Cost of Goods Sold,,,Inventory Asset,,,,,,,,Sales and Purchases,true,true,false
2106585000000274032,Wooden Chopper Knife,knwoodbig,3924,,INR 192.00,Sales,,true,,,goods,GST18,18.000000,Group,IGST18,18.000000,Simple,1,,,Active,pcs,Pieces,INR 131.00,Cost of Goods Sold,,,Inventory Asset,,,,,,,,Sales and Purchases,true,true,false
2106585000000274041,Masala Box Color 7 CupWith Spoons (S.P.),boxmasa7cup,3924,,INR 68.00,Sales,,true,,,goods,GST18,18.000000,Group,IGST18,18.000000,Simple,1,,,Active,pcs,Pieces,INR 46.00,Cost of Goods Sold,,,Inventory Asset,,,,,,,,Sales and Purchases,true,true,false
2106585000000274050,Cake Knife Plain,kncakeplain,3924,,INR 57.00,Sales,,true,,,goods,GST18,18.000000,Group,IGST18,18.000000,Simple,1,,,Active,pcs,Pieces,INR 37.00,Cost of Goods Sold,,,Inventory Asset,,,,,,,,Sales and Purchases,true,true,false
2106585000000274073,Chopping Board S.S. No.2(1014 Inch 670gm),CBss2,3924,,INR 246.00,Sales,,true,,,goods,GST18,18.000000,Group,IGST18,18.000000,Simple,1,,,Active,pcs,Pieces,INR 169.00,Cost of Goods Sold,,,Inventory Asset,,,,,,,,Sales and Purchases,true,true,false
2106585000000274082,Chopping Board S.S. No.3(16.511.51 Inch 950gm),CBss3,3924,,INR 369.38,Sales,,true,,,goods,GST18,18.000000,Group,IGST18,18.000000,Simple,1,,,Active,pcs,Pieces,INR 253.00,Cost of Goods Sold,,,Inventory Asset,,,,,,,,Sales and Purchases,true,true,false
2106585000000274091,Masher S.S. Ultra HEAVY,,3924,,INR 57.00,Sales,,true,,,goods,GST18,18.000000,Group,IGST18,18.000000,Simple,1,,,Active,pcs,Pieces,INR 37.00,Cost of Goods Sold,,,Inventory Asset,,,,,,,,Sales and Purchases,true,true,false
2106585000000274100,CHOPPING BOARD COLOR SMALL,,3924,,INR 66.00,Sales,,true,,,goods,GST18,18.000000,Group,IGST18,18.000000,Simple,1,,,Active,pcs,Pieces,INR 43.00,Cost of Goods Sold,,,Inventory Asset,,,,,,,,Sales and Purchases,true,true,false
2106585000000274117,S.S. Khalbatta No.02[Weight - 851gm,,7323,,INR 216.08,Sales,,true,,,goods,GST5,5.000000,Group,IGST5,5.000000,Simple,1,,,Active,pcs,Pieces,INR 148.00,Cost of Goods Sold,,,Inventory Asset,,,,,,,,Sales and Purchases,true,true,false
2106585000000294036,MAXFRESH HOT POT ROYAL 2000,HPR2000,73239390,,INR 379.00,Sales,,true,,,goods,GST5,5.000000,Group,IGST5,5.000000,Simple,1,,,Active,pcs,Pieces,INR 253.79,Cost of Goods Sold,,,Inventory Asset,,,,,,,,Sales and Purchases,true,true,false
2106585000000294051,MAXFRESH HOT POT ROYAL 3000,HPR3000,73239390,,INR 510.00,Sales,,true,,,goods,GST5,5.000000,Group,IGST5,5.000000,Simple,1,,,Active,pcs,Pieces,INR 341.52,Cost of Goods Sold,,,Inventory Asset,,,,,,,,Sales and Purchases,true,true,false
2106585000000375001,MAXFRESH S S FEEDING BOTTLE 200ML,ssfeed200,7323,,INR 295.00,Sales,,true,,,goods,GST5,5.000000,Group,IGST5,5.000000,Simple,12,,,Active,pcs,Pieces,INR 197.77,Cost of Goods Sold,,,Inventory Asset,,fifo,,,,,14.00,Inventory,true,true,true
2106585000000376001,MAXFRESH S S FEEDING BOTTLE 250ML,feeding250,7323,,INR 300.00,Sales,,true,,,goods,GST5,5.000000,Group,IGST5,5.000000,Simple,12,,,Active,pcs,Pieces,INR 200.89,Cost of Goods Sold,,,Inventory Asset,,fifo,,,,,208.00,Inventory,true,true,true
2106585000000400001,Hot Mat Big Round,matbig,3911,,INR 78.57,Sales,,true,,,goods,GST18,18.000000,Group,IGST18,18.000000,Simple,1,,,Active,pcs,Pieces,INR 54.00,Cost of Goods Sold,,,Inventory Asset,,,,,,,,Sales and Purchases,true,true,false
2106585000000400010,Hot Mat mid Round,matmid,3911,,INR 72.75,Sales,,true,,,goods,GST18,18.000000,Group,IGST18,18.000000,Simple,1,,,Active,pcs,Pieces,INR 50.00,Cost of Goods Sold,,,Inventory Asset,,,,,,,,Sales and Purchases,true,true,false
2106585000000400019,"whisk plastic 8""",whk8,3911,,INR 20.70,Sales,,true,,,goods,GST18,18.000000,Group,IGST18,18.000000,Simple,1,,,Active,pcs,Pieces,INR 14.00,Cost of Goods Sold,,,Inventory Asset,,,,,,,,Sales and Purchases,true,true,false
2106585000000400028,Steel Lemon Squeezer 180g,lemonsq180,3911,,INR 120.54,Sales,,true,,,goods,GST18,18.000000,Group,IGST18,18.000000,Simple,1,,,Active,pcs,Pieces,INR 82.00,Cost of Goods Sold,,,Inventory Asset,,,,,,,,Sales and Purchases,true,true,false
2106585000000400037,"whisk plastic handle 10""",,,,INR 45.00,Sales,,true,,,goods,GST18,18.000000,Group,IGST18,18.000000,Simple,1,,,Active,pcs,Pieces,INR 30.00,Cost of Goods Sold,,,Inventory Asset,,,,,,,,Sales and Purchases,true,true,false
2106585000000400050,Steel lemon squeezer 270G,,3911,,INR 163.00,Sales,,true,,,goods,GST18,18.000000,Group,IGST18,18.000000,Simple,1,,,Active,pcs,Pieces,INR 110.00,Cost of Goods Sold,,,Inventory Asset,,,,,,,,Sales and Purchases,true,true,false
2106585000000400059,Chopping board wooden mid,,3911,,INR 142.00,Sales,,true,,,goods,GST18,18.000000,Group,IGST18,18.000000,Simple,1,,,Active,pcs,Pieces,INR 95.00,Cost of Goods Sold,,,Inventory Asset,,,,,,,,Sales and Purchases,true,true,false
2106585000000400068,chopping board wooden big,,3911,,INR 180.00,Sales,,true,,,goods,GST18,18.000000,Group,IGST18,18.000000,Simple,1,,,Active,pcs,Pieces,INR 120.00,Cost of Goods Sold,,,Inventory Asset,,,,,,,,Sales and Purchases,true,true,false
2106585000000407025,Royal ice candy maker,,3924,,INR 60.00,Sales,,true,,,goods,GST18,18.000000,Group,IGST18,18.000000,Simple,1,,,Active,pcs,Pieces,INR 48.00,Cost of Goods Sold,,,Inventory Asset,,,,,,,,Sales and Purchases,true,true,false
2106585000000476011,Steel Lemon Squeezer 100g Loose,Lemonsq100g,7323,,INR 48.00,Sales,,true,,,goods,GST5,5.000000,Group,IGST5,5.000000,Simple,1,,,Active,pcs,Pieces,INR 33.00,Cost of Goods Sold,,,Inventory Asset,,,,,,,,Sales and Purchases,true,true,false
2106585000000476022,Steel Lemon Squeezer 160g,Lemonsq160,7323,,INR 90.00,Sales,,true,,,goods,GST5,5.000000,Group,IGST5,5.000000,Simple,1,,,Active,pcs,Pieces,INR 60.00,Cost of Goods Sold,,,Inventory Asset,,,,,,,,Sales and Purchases,true,true,false
2106585000000476035,Plastic lemon squeezer big,lemonsqplastic,3901,,INR 21.00,Sales,,true,,,goods,GST18,18.000000,Group,IGST18,18.000000,Simple,1,,,Active,pcs,Pieces,INR 14.00,Cost of Goods Sold,,,Inventory Asset,,,,,,,,Sales and Purchases,true,true,false
2106585000000476046,Glass Stand Lotus,Glass Stand Lotus,7323,,INR 142.50,Sales,,true,,,goods,GST5,5.000000,Group,IGST5,5.000000,Simple,1,,,Active,pcs,Pieces,INR 97.00,Cost of Goods Sold,,,Inventory Asset,,,,,,,,Sales and Purchases,true,true,false
2106585000000476059,Glass Stand with Glass,GlasswithGlass,7013,,INR 183.70,Sales,,true,,,goods,GST18,18.000000,Group,IGST18,18.000000,Simple,1,,,Active,pcs,Pieces,INR 125.00,Cost of Goods Sold,,,Inventory Asset,,,,,,,,Sales and Purchases,true,true,false
2106585000000476070,Roast stand Big,roaststandbig,7013,,INR 113.50,Sales,,true,,,goods,GST18,18.000000,Group,IGST18,18.000000,Simple,1,,,Active,pcs,Pieces,INR 78.00,Cost of Goods Sold,,,Inventory Asset,,,,,,,,Sales and Purchases,true,true,false
2106585000000476081,Dish Rack Steel Small,Disakracksmall,7013,,INR 130.80,Sales,,true,,,goods,GST18,18.000000,Group,IGST18,18.000000,Simple,1,,,Active,pcs,Pieces,INR 89.00,Cost of Goods Sold,,,Inventory Asset,,,,,,,,Sales and Purchases,true,true,false
2106585000000476092,Dish Rack Medium,Dishrackmid,7013,,INR 145.50,Sales,,true,,,goods,GST18,18.000000,Group,IGST18,18.000000,Simple,1,,,Active,pcs,Pieces,INR 99.00,Cost of Goods Sold,,,Inventory Asset,,,,,,,,Sales and Purchases,true,true,false
2106585000000484306,Dish Rack big,,,,INR 172.00,Sales,,true,,,goods,GST18,18.000000,Group,IGST18,18.000000,Simple,1,,,Active,pcs,Pieces,INR 118.00,Cost of Goods Sold,,,Inventory Asset,,,,,,,,Sales and Purchases,true,true,false
2106585000000484317,s.s. slicer 2 in 1,ssslicer,,,INR 110.00,Sales,,true,,,goods,GST18,18.000000,Group,IGST18,18.000000,Simple,1,,,Active,pcs,Pieces,INR 75.00,Cost of Goods Sold,,,Inventory Asset,,,,,,,,Sales and Purchases,true,true,false
2106585000000484328,steel Strainner no.3,,,,INR 252.00,Sales,,true,,,goods,GST18,18.000000,Group,IGST18,18.000000,Simple,1,,,Active,dz,Dozen,INR 172.00,Cost of Goods Sold,,,Inventory Asset,,,,,,,,Sales and Purchases,true,true,false
2106585000000484496,bottle glass & bottle,,,,INR 54.00,Sales,,true,,,goods,GST18,18.000000,Group,IGST18,18.000000,Simple,1,,,Active,pcs,Pieces,INR 37.00,Cost of Goods Sold,,,Inventory Asset,,,,,,,,Sales and Purchases,true,true,false
2106585000000484507,bottle concave,,,,INR 50.00,Sales,,true,,,goods,GST18,18.000000,Group,IGST18,18.000000,Simple,1,,,Active,pcs,Pieces,INR 33.00,Cost of Goods Sold,,,Inventory Asset,,,,,,,,Sales and Purchases,true,true,false
2106585000000484546,bottle cobra,,,,INR 31.00,Sales,,true,,,goods,GST18,18.000000,Group,IGST18,18.000000,Simple,1,,,Active,pcs,Pieces,INR 21.00,Cost of Goods Sold,,,Inventory Asset,,,,,,,,Sales and Purchases,true,true,false
2106585000000484801,Tong Kitchen Lock,TongLock,3924,,INR 78.50,Sales,,true,,,goods,GST18,18.000000,Group,IGST18,18.000000,Simple,1,,,Active,pcs,Pieces,INR 54.00,Cost of Goods Sold,,,Inventory Asset,,,,,,,,Sales and Purchases,true,true,false
2106585000000484812,Lunch Box S.S. Square (big),lunchssbig,3924,,INR 430.00,Sales,,true,,,goods,GST18,18.000000,Group,IGST18,18.000000,Simple,1,,,Active,pcs,Pieces,INR 295.00,Cost of Goods Sold,,,Inventory Asset,,,,,,,,Sales and Purchases,true,true,false
2106585000000484823,Lunch Box S.S. 2 Compartment (H.V.),Lunchss2comp,3924,,INR 430.00,Sales,,true,,,goods,GST18,18.000000,Group,IGST18,18.000000,Simple,1,,,Active,pcs,Pieces,INR 295.00,Cost of Goods Sold,,,Inventory Asset,,,,,,,,Sales and Purchases,true,true,false
2106585000000484834,Lunch Box S.S. Dabi (Royal),lunchssdabi,3924,,INR 324.00,Sales,,true,,,goods,GST18,18.000000,Group,IGST18,18.000000,Simple,1,,,Active,pcs,Pieces,INR 222.00,Cost of Goods Sold,,,Inventory Asset,,,,,,,,Sales and Purchases,true,true,false
2106585000000484845,chopping board white Medium,choopingwhitemid,3924,,INR 111.00,Sales,,true,,,goods,GST18,18.000000,Group,IGST18,18.000000,Simple,1,,,Active,box,Box,INR 77.00,Cost of Goods Sold,,,Inventory Asset,,,,,,,,Sales and Purchases,true,true,false
2106585000000484856,Bottle PARIS 1500ml (Nek),bottleParis1500,3924,,INR 152.50,Sales,,true,,,goods,GST18,18.000000,Group,IGST18,18.000000,Simple,1,,,Active,pcs,Pieces,INR 105.00,Cost of Goods Sold,,,Inventory Asset,,,,,,,,Sales and Purchases,true,true,false
2106585000000484867,Bottle DUBAI 1200ml (Nek),BottleDubai1200,3924,,INR 108.00,Sales,,true,,,goods,GST18,18.000000,Group,IGST18,18.000000,Simple,1,,,Active,pcs,Pieces,INR 75.00,Cost of Goods Sold,,,Inventory Asset,,,,,,,,Sales and Purchases,true,true,false
2106585000000484878,Bottle TOKYO 1000ml (Nek),bottletokyo,3924,,INR 91.98,Sales,,true,,,goods,GST18,18.000000,Group,IGST18,18.000000,Simple,1,,,Active,pcs,Pieces,INR 63.00,Cost of Goods Sold,,,Inventory Asset,,,,,,,,Sales and Purchases,true,true,false
2106585000000484889,Bottle Nexon 1200ml (Nek),nexon1200,3924,,INR 119.72,Sales,,true,,,goods,GST18,18.000000,Group,IGST18,18.000000,Simple,1,,,Active,pcs,Pieces,INR 82.00,Cost of Goods Sold,,,Inventory Asset,,,,,,,,Sales and Purchases,true,true,false
2106585000000484900,Bottle Nexon 2400ml (Nek),Nexon2400,3924,,INR 145.50,Sales,,true,,,goods,GST18,18.000000,Group,IGST18,18.000000,Simple,1,,,Active,pcs,Pieces,INR 100.00,Cost of Goods Sold,,,Inventory Asset,,,,,,,,Sales and Purchases,true,true,false
2106585000000484911,Bottle Kohinoor 1200ml,Kohinner1200,3924,,INR 91.65,Sales,,true,,,goods,GST18,18.000000,Group,IGST18,18.000000,Simple,1,,,Active,pcs,Pieces,INR 63.00,Cost of Goods Sold,,,Inventory Asset,,,,,,,,Sales and Purchases,true,true,false
2106585000000484922,Bottle Baby Doll 800ml,babydoll800,3924,,INR 100.00,Sales,,true,,,goods,GST18,18.000000,Group,IGST18,18.000000,Simple,1,,,Active,pcs,Pieces,INR 69.00,Cost of Goods Sold,,,Inventory Asset,,,,,,,,Sales and Purchases,true,true,false
2106585000000484933,Bottle Slim Campas 700ml,slimcampas700ml,3924,,INR 76.85,Sales,,true,,,goods,GST18,18.000000,Group,IGST18,18.000000,Simple,1,,,Active,pcs,Pieces,INR 53.00,Cost of Goods Sold,,,Inventory Asset,,,,,,,,Sales and Purchases,true,true,false
2106585000000484944,Bottle Slim Flip Top 500ml,smilflip500ml,3924,,INR 65.47,Sales,,true,,,goods,GST18,18.000000,Group,IGST18,18.000000,Simple,1,,,Active,pcs,Pieces,INR 45.00,Cost of Goods Sold,,,Inventory Asset,,,,,,,,Sales and Purchases,true,true,false
2106585000000484955,Lunch Box Tengo Big S.S.,tengobigss,7323,,INR 330.00,Sales,,true,,,goods,GST5,5.000000,Group,IGST5,5.000000,Simple,1,,,Active,pcs,Pieces,INR 228.00,Cost of Goods Sold,,,Inventory Asset,,,,,,,,Sales and Purchases,true,true,false
2106585000000484966,Lunch Box Steelo S.S.,steelo,7323,,INR 380.00,Sales,,true,,,goods,GST5,5.000000,Group,IGST5,5.000000,Simple,1,,,Active,pcs,Pieces,INR 263.00,Cost of Goods Sold,,,Inventory Asset,,,,,,,,Sales and Purchases,true,true,false
2106585000000484979,S.S. Khalbatta No.03,Khalbatta3,7232,,INR 280.00,Sales,,true,,,goods,GST12,12.000000,Group,IGST12,12.000000,Simple,1,,,Active,pcs,Pieces,INR 194.00,Cost of Goods Sold,,,Inventory Asset,,,,,,,,Sales and Purchases,true,true,false
2106585000000493001,Lunch Box S.S. Plastic Dabi,ssplasticdabi,3924,,INR 283.00,Sales,,true,,,goods,GST18,18.000000,Group,IGST18,18.000000,Simple,1,,,Active,pcs,Pieces,INR 195.00,Cost of Goods Sold,,,Inventory Asset,,,,,,,,Sales and Purchases,true,true,false
2106585000000493132,Lemon Squeezer Plastic S.S. vatki,lemonsskatori,3924,,INR 21.50,Sales,,true,,,goods,GST18,18.000000,Group,IGST18,18.000000,Simple,1,,,Active,pcs,Pieces,INR 15.00,Cost of Goods Sold,,,Inventory Asset,,,,,,,,Sales and Purchases,true,true,false
2106585000000493143,Tea Strainer No.3 Plastic (double Net),teastrainer3plastic,3924,,INR 56.50,Sales,,true,,,goods,GST18,18.000000,Group,IGST18,18.000000,Simple,1,,,Active,dz,Dozen,INR 38.50,Cost of Goods Sold,,,Inventory Asset,,,,,,,,Sales and Purchases,true,true,false
2106585000000493154,Tea Strainer NO.3 White (double Net),,3924,,INR 64.00,Sales,,true,,,goods,GST18,18.000000,Group,IGST18,18.000000,Simple,1,,,Active,dz,Dozen,INR 44.00,Cost of Goods Sold,,,Inventory Asset,,,,,,,,Sales and Purchases,true,true,false
2106585000000493172,Bottle H2O,H2Obottle,3924,,INR 52.30,Sales,,true,,,goods,GST18,18.000000,Group,IGST18,18.000000,Simple,1,,,Active,pcs,Pieces,INR 36.00,Cost of Goods Sold,,,Inventory Asset,,,,,,,,Sales and Purchases,true,true,false
2106585000000493183,Roast Stand Small,,7323,,INR 103.58,Sales,,true,,,goods,GST5,5.000000,Group,IGST5,5.000000,Simple,1,,,Active,pcs,Pieces,INR 71.00,Cost of Goods Sold,,,Inventory Asset,,,,,,,,Sales and Purchases,true,true,false
2106585000000493299,Black Lighter (kriva),lighter black,3924,,INR 38.00,Sales,,true,,,goods,GST18,18.000000,Group,IGST18,18.000000,Simple,1,,,Active,pcs,Pieces,INR 26.00,Cost of Goods Sold,,,Inventory Asset,,,,,,,,Sales and Purchases,true,true,false
2106585000000493310,Simpolo Lighgter,lighter ss,3924,,INR 46.50,Sales,,true,,,goods,GST18,18.000000,Group,IGST18,18.000000,Simple,1,,,Active,pcs,Pieces,INR 32.00,Cost of Goods Sold,,,Inventory Asset,,,,,,,,Sales and Purchases,true,true,false
2106585000000493321,Big B full Lighter,black lighter heavy,3924,,INR 50.00,Sales,,true,,,goods,GST18,18.000000,Group,IGST18,18.000000,Simple,1,,,Active,pcs,Pieces,INR 35.00,Cost of Goods Sold,,,Inventory Asset,,,,,,,,Sales and Purchases,true,true,false
2106585000000493332,Matka Stand Steel Round Big,ss matka round big,3924,,INR 95.00,Sales,,true,,,goods,GST12,12.000000,Group,IGST12,12.000000,Simple,1,,,Active,pcs,Pieces,INR 65.00,Cost of Goods Sold,,,Inventory Asset,,,,,,,,Sales and Purchases,true,true,false
2106585000000498001,Matka Stand Steel Round Small,,7323,,INR 86.50,Sales,,true,,,goods,GST5,5.000000,Group,IGST5,5.000000,Simple,1,,,Active,pcs,Pieces,INR 59.00,Cost of Goods Sold,,,Inventory Asset,,,,,,,,Sales and Purchases,true,true,false
2106585000000498012,MATKA STAND STEEL SQUARE,,7323,,INR 211.70,Sales,,true,,,goods,GST5,5.000000,Group,IGST5,5.000000,Simple,1,,,Active,pcs,Pieces,INR 145.00,Cost of Goods Sold,,,Inventory Asset,,,,,,,,Sales and Purchases,true,true,false
2106585000000498023,MATKA STAND STEEL PREMIUM,,7323,,INR 219.00,Sales,,true,,,goods,GST5,5.000000,Group,IGST5,5.000000,Simple,1,,,Active,pcs,Pieces,INR 150.00,Cost of Goods Sold,,,Inventory Asset,,,,,,,,Sales and Purchases,true,true,false
2106585000000498036,SEV SANCHA DELUXE NO.08,,7323235,,INR 235.00,Sales,,true,,,goods,GST18,18.000000,Group,IGST18,18.000000,Simple,1,,,Active,pcs,Pieces,INR 162.00,Cost of Goods Sold,,,Inventory Asset,,,,,,,,Sales and Purchases,true,true,false
2106585000000498047,SEV SANCHA DELUXE NO.09,,7323,,INR 247.00,Sales,,true,,,goods,GST5,5.000000,Group,IGST5,5.000000,Simple,1,,,Active,pcs,Pieces,INR 166.00,Cost of Goods Sold,,,Inventory Asset,,,,,,,,Sales and Purchases,true,true,false
2106585000000498058,SEV SANCHA DELUXE NO.10,,7323,,INR 249.00,Sales,,true,,,goods,GST5,5.000000,Group,IGST5,5.000000,Simple,1,,,Active,pcs,Pieces,INR 170.00,Cost of Goods Sold,,,Inventory Asset,,,,,,,,Sales and Purchases,true,true,false
2106585000000498069,S.S. CLIP NO.1,,3924,,INR 26.00,Sales,,true,,,goods,GST18,18.000000,Group,IGST18,18.000000,Simple,1,,,Active,dz,Dozen,INR 18.00,Cost of Goods Sold,,,Inventory Asset,,,,,,,,Sales and Purchases,true,true,false
2106585000000498080,S.S. CLIP NO.6,,3924,,INR 41.00,Sales,,true,,,goods,GST18,18.000000,Group,IGST18,18.000000,Simple,1,,,Active,dz,Dozen,INR 28.00,Cost of Goods Sold,,,Inventory Asset,,,,,,,,Sales and Purchases,true,true,false
2106585000000569078,multipurpose dinning set,,3924,,INR 92.00,Sales,,true,,,goods,GST18,18.000000,Group,IGST18,18.000000,Simple,1,,,Active,pcs,Pieces,INR 78.00,Cost of Goods Sold,,,Inventory Asset,,,,,,,,Sales and Purchases,true,true,false
2106585000000569115,MAXFRESH TRIPLY TADKAPAN - 1.5 CUP,tadkapan1.5,7326,,INR 340.00,Sales,,true,,,goods,GST5,5.000000,Group,IGST5,5.000000,Simple,1,,,Active,pcs,Pieces,INR 255.00,Cost of Goods Sold,,,Inventory Asset,,,,,,,,Sales and Purchases,true,true,false
2106585000000636001,MAXFRESH HOT POT ROYAL 5000,,6911,,INR 930.00,Sales,,true,,,goods,GST5,5.000000,Group,IGST5,5.000000,Simple,1,,,Active,pcs,Pieces,INR 697.50,Cost of Goods Sold,,,Inventory Asset,,fifo,,,20.00,INR 697.00,38.00,Inventory,true,true,true
2106585000000636104,MAXFRESH STEAMER WITH GLASS LID,,7323,,INR 810.00,Sales,,true,,,goods,GST5,5.000000,Group,IGST5,5.000000,Simple,1,,,Active,pcs,Pieces,INR 607.50,Cost of Goods Sold,,,Inventory Asset,,,,,,,,Sales and Purchases,true,true,false
2106585000000636115,MAXFRESH SS KADAI- 24 CM (WITH LID),,7323,,INR 550.00,Sales,,true,,,goods,GST5,5.000000,Group,IGST5,5.000000,Simple,1,,,Active,pcs,Pieces,INR 412.50,Cost of Goods Sold,,,Inventory Asset,,,,,,,,Sales and Purchases,true,true,false
2106585000000656051,MAXFRESH WIRE RECTANGLE MASALA DABBA NO 6,,7323,,INR 650.00,Sales,,true,,,goods,GST5,5.000000,Group,IGST5,5.000000,Simple,1,,,Active,pcs,Pieces,INR 487.50,Cost of Goods Sold,,,Inventory Asset,,,,,,,,Sales and Purchases,true,true,false
2106585000000656062,MAXFRESH WIRE ROUND MASALA DABBA NO 7,,7323,,INR 700.00,Sales,,true,,,goods,GST5,5.000000,Group,IGST5,5.000000,Simple,1,,,Active,pcs,Pieces,INR 528.75,Cost of Goods Sold,,,Inventory Asset,,,,,,,,Sales and Purchases,true,true,false
2106585000000656073,MAXFRESH EXTRA DEEP SEE THRU MASALA DABBA NO 8,,7323,,INR 999.00,Sales,,true,,,goods,GST5,5.000000,Group,IGST5,5.000000,Simple,1,,,Active,pcs,Pieces,INR 749.25,Cost of Goods Sold,,,Inventory Asset,,,,,,,,Sales and Purchases,true,true,false
2106585000000656090,MAXFRESH ULTRA SIPPER WATER BOTTLE - 600ML,,7323,,INR 600.00,Sales,,true,,,goods,GST5,5.000000,Group,IGST5,5.000000,Simple,1,,,Active,pcs,Pieces,INR 450.00,Cost of Goods Sold,,,Inventory Asset,,,,,,,,Sales and Purchases,true,true,false
2106585000000681001,Juicer S.S. Jali Round,JUICERssround,3924,,INR 192.00,Sales,,true,,,goods,GST18,18.000000,Group,IGST18,18.000000,Simple,1,,,Active,box,Box,INR 140.00,Cost of Goods Sold,,,Inventory Asset,,,,,,,,Sales and Purchases,true,true,false
2106585000000681012,Juicer S.S. Jali Heavy [Square],juicersssquare,3924,,INR 192.00,Sales,,true,,,goods,GST18,18.000000,Group,IGST18,18.000000,Simple,1,,,Active,pcs,Pieces,INR 140.00,Cost of Goods Sold,,,Inventory Asset,,,,,,,,Sales and Purchases,true,true,false
2106585000000681134,Tiffin Box Model HE : 8,Lunchbagss,3924,,INR 256.00,Sales,,true,,,goods,GST18,18.000000,Group,IGST18,18.000000,Simple,1,,,Active,pcs,Pieces,INR 175.00,Cost of Goods Sold,,,Inventory Asset,,,,,,,,Sales and Purchases,true,true,false
2106585000000681143,Tiffin Box Model HE :11,lunchbagplastic,3924,,INR 205.00,Sales,,true,,,goods,GST18,18.000000,Group,IGST18,18.000000,Simple,1,,,Active,pcs,Pieces,INR 140.00,Cost of Goods Sold,,,Inventory Asset,,,,,,,,Sales and Purchases,true,true,false
2106585000000681152,Cheese And Vegetable Grater - D034,,,,INR 21.00,Sales,,true,,,goods,GST18,18.000000,Group,IGST18,18.000000,Simple,1,,,Active,pcs,Pieces,INR 14.00,Cost of Goods Sold,,,Inventory Asset,,,,,,,,Sales and Purchases,true,true,false
2106585000000681161,Masala Box 360 Revolving,,3924,,INR 116.40,Sales,,true,,,goods,GST18,18.000000,Group,IGST18,18.000000,Simple,1,,,Active,pcs,Pieces,INR 80.00,Cost of Goods Sold,,,Inventory Asset,,,,,,,,Sales and Purchases,true,true,false
2106585000000681194,Ice Tray Silicone SQUARE,tray,3924,,INR 52.38,Sales,,true,,,goods,GST18,18.000000,Group,IGST18,18.000000,Simple,1,,,Active,pcs,Pieces,INR 36.00,Cost of Goods Sold,,,Inventory Asset,,,,,,,,Sales and Purchases,true,true,false
2106585000000681203,Knife HEAVY 10 Inch,,3924,,INR 82.93,Sales,,true,,,goods,GST18,18.000000,Group,IGST18,18.000000,Simple,1,,,Active,box,Box,INR 57.00,Cost of Goods Sold,,,Inventory Asset,,,,,,,,Sales and Purchases,true,true,false
2106585000000681212,Knife HEAVY 12 Inch,,3924,,INR 100.35,Sales,,true,,,goods,GST18,18.000000,Group,IGST18,18.000000,Simple,1,,,Active,pcs,Pieces,INR 69.00,Cost of Goods Sold,,,Inventory Asset,,,,,,,,Sales and Purchases,true,true,false
2106585000000681221,Push chopper 800ml,800mlpushchopper,3924,,INR 116.00,Sales,,true,,,goods,GST18,18.000000,Group,IGST18,18.000000,Simple,1,,,Active,pcs,Pieces,INR 80.00,Cost of Goods Sold,,,Inventory Asset,,,,,,,,Sales and Purchases,true,true,false
2106585000000681254,Potato Cutter Transparent 2 Blades,,3924,,INR 123.00,Sales,,true,,,goods,GST18,18.000000,Group,IGST18,18.000000,Simple,1,,,Active,pcs,Pieces,INR 85.00,Cost of Goods Sold,,,Inventory Asset,,,,,,,,Sales and Purchases,true,true,false
2106585000000681301,Masher Round Shape S.S. (J.K),,3924,,INR 91.20,Sales,,true,,,goods,GST18,18.000000,Group,IGST18,18.000000,Simple,1,,,Active,pcs,Pieces,INR 63.00,Cost of Goods Sold,,,Inventory Asset,,,,,,,,Sales and Purchases,true,true,false
2106585000000681322,Pizza Cutter Plastic Regular,,3924,,INR 37.00,Sales,,true,,,goods,GST18,18.000000,Group,IGST18,18.000000,Simple,1,,,Active,pcs,Pieces,INR 25.00,Cost of Goods Sold,,,Inventory Asset,,,,,,,,Sales and Purchases,true,true,false
2106585000000681331,Container Feel Fresh 1200 Ml,,3924,,INR 130.00,Sales,,true,,,goods,GST18,18.000000,Group,IGST18,18.000000,Simple,1,,,Active,pcs,Pieces,INR 89.00,Cost of Goods Sold,,,Inventory Asset,,,,,,,,Sales and Purchases,true,true,false
2106585000000681340,Corn Cutter S.S.,,3924,,INR 40.00,Sales,,true,,,goods,GST18,18.000000,Group,IGST18,18.000000,Simple,1,,,Active,pcs,Pieces,INR 27.00,Cost of Goods Sold,,,Inventory Asset,,,,,,,,Sales and Purchases,true,true,false
2106585000000681349,Bottle PARIS 2200ml,,3924,,INR 178.00,Sales,,true,,,goods,GST18,18.000000,Group,IGST18,18.000000,Simple,1,,,Active,pcs,Pieces,INR 123.00,Cost of Goods Sold,,,Inventory Asset,,,,,,,,Sales and Purchases,true,true,false
2106585000000681358,Bottle 3pcs Set (280-800-2000ml),,3924,,INR 240.00,Sales,,true,,,goods,GST18,18.000000,Group,IGST18,18.000000,Simple,1,,,Active,pcs,Pieces,INR 165.00,Cost of Goods Sold,,,Inventory Asset,,,,,,,,Sales and Purchases,true,true,false
2106585000000692082,MAXFRESH IDLI COOKER SANDWICH BOTTOM,,7323,,INR 1000.00,Sales,,true,,,goods,GST5,5.000000,Group,IGST5,5.000000,Simple,1,,,Active,pcs,Pieces,INR 750.00,Cost of Goods Sold,,,Inventory Asset,,,,,,,,Sales and Purchases,true,true,false
2106585000000725001,MAXFRESH TRIPLY DELUXE KADAI WITH LID,,7326,,INR 560.00,Sales,,true,,,goods,GST5,5.000000,Group,IGST5,5.000000,Simple,1,,,Active,kg,Kilograms,INR 425.00,Cost of Goods Sold,,,Inventory Asset,,,,,,,,Sales and Purchases,true,true,false
2106585000000832001,MAXFRESH TRIPLY TOPE WITH LID,,7326,,INR 530.00,Sales,,true,,,goods,GST5,5.000000,Group,IGST5,5.000000,Simple,12,,,Active,kg,Kilograms,INR 401.79,Cost of Goods Sold,,,Inventory Asset,,fifo,,,,,21.536,Inventory,true,true,true
2106585000000834001,MAXFRESH TRIPLY TAWA - 26 CM,,7326,,INR 1100.00,Sales,,true,,,goods,GST5,5.000000,Group,IGST5,5.000000,Simple,1,,,Active,box,Box,INR 668.97,Cost of Goods Sold,,,Inventory Asset,,,,,,,,Sales and Purchases,true,true,false
2106585000000834058,MAXFRESH S S FEEDING BOTTLE (One Pcs 250ML),,7323,,INR 270.00,Sales,,true,,,goods,GST5,5.000000,Group,IGST5,5.000000,Simple,1,,,Active,pcs,Pieces,INR 180.80,Cost of Goods Sold,,,Inventory Asset,,,,,,,,Sales and Purchases,true,true,false
2106585000000834069,S S MASALA DABBA SEE THRU (NO. 6),,,,INR 600.00,Sales,,true,,,goods,GST12,12.000000,Group,IGST12,12.000000,Simple,1,,,Active,,,INR 435.27,Cost of Goods Sold,,,Inventory Asset,,,,,,,,Sales and Purchases,true,true,false
2106585000000834080,S S MASALA DABBA SEE THRU (NO. 7),,7323,,INR 700.00,Sales,,true,,,goods,GST5,5.000000,Group,IGST5,5.000000,Simple,1,,,Active,box,Box,INR 468.75,Cost of Goods Sold,,,Inventory Asset,,,,,,,,Sales and Purchases,true,true,false
