item_code,item_name,item_group,brand,stock_uom,hsn_code,valuation_rate,standard_rate,description
STOOL-18INCHFOLD,18INCH FOLDING STOOL,Plastic kitchenware,Raj Enterprises,PCS,3924,0,400,18INCH FOLDING STOOL
CUTTER-2IN1VEG,2 IN 1 VEG CUTTER,Plastic kitchenware,Raj Enterprises,PCS,3924,0,39,2 IN 1 VEG CUTTER
SET-2PCSDINING,2PCS DINING SET,Plastic kitchenware,Raj Enterprises,PCS,3924,0,50,2PCS DINING SET
CONTAINER-3PCSSQUARE,3 PCS SQUARE STORAGE CONTAINER,Plastic kitchenware,Raj Enterprises,PCS,3924,0,140,3 PCS SQUARE STORAGE CONTAINER
CONTAINER-3PCSSTORAG,3 PCS STORAGE CONTAINER,Plastic kitchenware,Raj Enterprises,PCS,3924,0,140,3 PCS STORAGE CONTAINER
RACK-3IN1DISH,3IN1 DISH RACK,Plastic kitchenware,Raj Enterprises,PCS,3924,0,170,3IN1 DISH RACK
DISPENSER-3IN1SOAP,3IN1 SOAP DISPENSER,Plastic kitchenware,Raj Enterprises,PCS,3924,0,70,3IN1 SOAP DISPENSER
SET-3PCSDINING,3PCS DINING SET,Plastic kitchenware,Raj Enterprises,PCS,3924,0,90,3PCS DINING SET
RANK-4LAYERSHOE,4 LAYER SHOES RACK,Plastic kitchenware,Raj Enterprises,PCS,3924,0,200,4 LAYER SHOES RANK
GRATER-4IN1SLICER,4IN 1 SLICER & GRATER,Plastic kitchenware,Raj Enterprises,PCS,3924,0,65,4IN 1 SLICER & GRATER
SQURE-4PCSDINING,4PCS DINING SET SQURE,Plastic kitchenware,Raj Enterprises,PCS,3924,0,130,4PCS DINING SET SQURE
RANK-5LAYERSHOE,5 LAYER SHOES RANK,Plastic kitchenware,Raj Enterprises,PCS,3924,0,249,5 LAYER SHOES RANK
SLICER-6IN1,6 IN 1 SLICER,Plastic kitchenware,Raj Enterprises,PCS,3924,0,60,6 IN 1 SLICER
RANK-6LAYERSHOE,6 LAYER SHOES RANK,Plastic kitchenware,Raj Enterprises,PCS,3924,0,300,6 LAYER SHOES RANK
CHOPPER-650MLPUSH,650ML PUSH CHOPPER,Plastic kitchenware,Raj Enterprises,PCS,3924,0,110,650ML PUSH CHOPPER
HEAVY-700MLPUSHC,700ML PUSH CHOPPER heavy,Plastic kitchenware,Raj Enterprises,PCS,3924,0,40,700ML PUSH CHOPPER heavy
PLAIN-99KNIFE,99 KNIFE (PLAIN),Plastic kitchenware,Raj Enterprises,DZ,3924,0,0,99 KNIFE (PLAIN)
LIGHTER-AK47,AK47 LIGHTER,Plastic kitchenware,Raj Enterprises,PCS,3924,0,0,AK47 LIGHTER
BIG-ANJARKNIFE,ANJAR KNIFE BIG,Plastic kitchenware,Raj Enterprises,DZ,3924,0,0,ANJAR KNIFE BIG
REGULAR-ANJARKNIFE,ANJAR KNIFE REGULAR,Plastic kitchenware,Raj Enterprises,DZ,3924,0,0,ANJAR KNIFE REGULAR
CUTTER-APPLE,APPLE CUTTER,Plastic kitchenware,Raj Enterprises,PCS,3924,0,0,APPLE CUTTER
PACK-APPLECUTTE,Apple Cutter S.S. - [Blister Pack],Plastic kitchenware,Raj Enterprises,PCS,3924,0,0,Apple Cutter S.S. - [Blister Pack]
LIGHTER-BIGBFULL,Big B full Lighter,Plastic kitchenware,Raj Enterprises,PCS,3924,0,0,Big B full Lighter
LIGHTER-BIGNG,BIG N.G. LIGHTER,Plastic kitchenware,Raj Enterprises,PCS,3924,0,0,BIG N.G. LIGHTER
BRUSH-BIGSPATULA,BIG SPATULA & BRUSH,Plastic kitchenware,Raj Enterprises,PCS,3924,0,0,BIG SPATULA & BRUSH
KRIVA-BLACKLIGHT,Black Lighter (kriva),Plastic kitchenware,Raj Enterprises,PCS,3924,0,0,Black Lighter (kriva)
BOTTLE-BLACKPRINT,BLACK PRINT WATER BOTTLE,Plastic kitchenware,Raj Enterprises,PCS,3924,0,0,BLACK PRINT WATER BOTTLE
SWISSW-BOTTLE02,Bottle 02 Swissw,Plastic kitchenware,Raj Enterprises,BOX,3911,0,0,Bottle 02 Swissw
SET-BOTTLE03SP,Bottle 03 Sparkle (3Pcs Set),Plastic kitchenware,Raj Enterprises,BOX,3924,0,0,Bottle 03 Sparkle (3Pcs Set)
PACKING-BOTTLE1100,Bottle 1100ml (Box Packing),Plastic kitchenware,Raj Enterprises,BOX,3924,0,0,Bottle 1100ml (Box Packing)
2808002000ML-BOTTLE3PCS,Bottle 3pcs Set (280-800-2000ml),Plastic kitchenware,Raj Enterprises,PCS,3924,0,0,Bottle 3pcs Set (280-800-2000ml)
800ML-BOTTLEBABY,Bottle Baby Doll 800ml,Plastic kitchenware,Raj Enterprises,PCS,3924,0,0,Bottle Baby Doll 800ml
COBRA-BOTTLE,bottle cobra,Plastic kitchenware,Raj Enterprises,PCS,3924,0,0,bottle cobra
CONCAVE-BOTTLE,bottle concave,Plastic kitchenware,Raj Enterprises,PCS,3924,0,0,bottle concave
NEK-BOTTLEDUBA,Bottle DUBAI 1200ml (Nek),Plastic kitchenware,Raj Enterprises,PCS,3924,0,0,Bottle DUBAI 1200ml (Nek)
FORSTI-BOTTLE,BOTTLE FORSTI,Plastic kitchenware,Raj Enterprises,PCS,3924,0,0,BOTTLE FORSTI
BOTTLE-BOTTLEGLAS,bottle glass & bottle,Plastic kitchenware,Raj Enterprises,PCS,7013,0,0,bottle glass & bottle
B-BOTTLEGROU,Bottle Ground (3pcs Set) [B],Plastic kitchenware,Raj Enterprises,BOX,3924,0,0,Bottle Ground (3pcs Set) [B]
H2O-BOTTLE,Bottle H2O,Plastic kitchenware,Raj Enterprises,PCS,3924,0,0,Bottle H2O
1200ML-BOTTLEKOHI,Bottle Kohinoor 1200ml,Plastic kitchenware,Raj Enterprises,PCS,3924,0,0,Bottle Kohinoor 1200ml
BOX-BOTTLELINE,Bottle Line Diamond Cap Bottle 1000ml (3pcs Box),Plastic kitchenware,Raj Enterprises,BOX,3924,0,0,Bottle Line Diamond Cap Bottle 1000ml (3pcs Box)
NEK-BOTTLENEXO,Bottle Nexon 1200ml (Nek),Plastic kitchenware,Raj Enterprises,PCS,3924,0,0,Bottle Nexon 1200ml (Nek)
NEK-BOTTLENEXO-002,Bottle Nexon 2400ml (Nek),Plastic kitchenware,Raj Enterprises,PCS,3924,0,0,Bottle Nexon 2400ml (Nek)
NEK-BOTTLEPARI,Bottle PARIS 1500ml (Nek),Plastic kitchenware,Raj Enterprises,PCS,3924,0,0,Bottle PARIS 1500ml (Nek)
2200ML-BOTTLEPARI,Bottle PARIS 2200ml,Plastic kitchenware,Raj Enterprises,PCS,3924,0,0,Bottle PARIS 2200ml
900ML-BOTTLESSSI,Bottle S.S. Sipper Cap Multi Utility - 900ML,Plastic kitchenware,Raj Enterprises,PCS,3924,0,0,Bottle S.S. Sipper Cap Multi Utility - 900ML
700ML-BOTTLESLIM,Bottle Slim Campas 700ml,Plastic kitchenware,Raj Enterprises,PCS,3924,0,0,Bottle Slim Campas 700ml
500ML-BOTTLESLIM,Bottle Slim Flip Top 500ml,Plastic kitchenware,Raj Enterprises,PCS,3924,0,0,Bottle Slim Flip Top 500ml
PREMIUM-BOTTLESS,BOTTLE SS PREMIUM,Plastic kitchenware,Raj Enterprises,PCS,3924,0,0,BOTTLE SS PREMIUM
STEEL-BOTTLESTAI,BOTTLE STAINLESS STEEL,Plastic kitchenware,Raj Enterprises,PCS,3924,0,0,BOTTLE STAINLESS STEEL
NEK-BOTTLETOKY,Bottle TOKYO 1000ml (Nek),Plastic kitchenware,Raj Enterprises,PCS,3924,0,0,Bottle TOKYO 1000ml (Nek)
BLACK-BREADCUTTE,BREAD CUTTER REGULAR BLACK,Plastic kitchenware,Raj Enterprises,DZ,3924,0,0,BREAD CUTTER REGULAR BLACK
SPECIAL-BREADKNIFE,Bread Knife Special,Plastic kitchenware,Raj Enterprises,PCS,3924,0,0,Bread Knife Special
PLAIN-CAKEKNIFE,Cake Knife Plain,Plastic kitchenware,Raj Enterprises,PCS,3924,0,0,Cake Knife Plain
MUG-CAMERALENS,CAMERA LENS COFFEE MUG,Plastic kitchenware,Raj Enterprises,PCS,3924,0,0,CAMERA LENS COFFEE MUG
BOX-CANDY,CANDY BOX,Plastic kitchenware,Raj Enterprises,PCS,3924,0,0,CANDY BOX
TRAY-CELEBRATIO,CELEBRATION TRAY,Plastic kitchenware,Raj Enterprises,PCS,3924,0,0,CELEBRATION TRAY
LIGHTER-CELTRON,CELTRON LIGHTER,Plastic kitchenware,Raj Enterprises,PCS,3924,0,0,CELTRON LIGHTER
D034-CHEESEANDV,Cheese And Vegetable Grater - D034,Plastic kitchenware,Raj Enterprises,PCS,7323,0,0,Cheese And Vegetable Grater - D034
SS-CHEESEGRAT,Cheese Grater SS,Plastic kitchenware,Raj Enterprises,PCS,3924,0,0,Cheese Grater SS
310G-CHILLYCUTT,Chilly Cutter S.S. Heavy 310g,Plastic kitchenware,Raj Enterprises,PCS,3924,0,0,Chilly Cutter S.S. Heavy 310g
HEAVY-CHOPPEREAS,Chopper Easy 700ml Heavy,Plastic kitchenware,Raj Enterprises,PCS,3924,0,0,Chopper Easy 700ml Heavy
LARGE-CHOPPINGBO,CHOPPING BOARD COLOR LARGE,Plastic kitchenware,Raj Enterprises,PCS,3924,0,0,CHOPPING BOARD COLOR LARGE
MEDIUM-CHOPPINGBO,CHOPPING BOARD COLOR MEDIUM,Plastic kitchenware,Raj Enterprises,PCS,3924,0,0,CHOPPING BOARD COLOR MEDIUM
SMALL-CHOPPINGBO,CHOPPING BOARD COLOR SMALL,Plastic kitchenware,Raj Enterprises,PCS,3924,0,0,CHOPPING BOARD COLOR SMALL
15MM-CHOPPINGBO,Chopping Board LARGE Plastic 15mm,Plastic kitchenware,Raj Enterprises,PCS,3924,0,0,Chopping Board LARGE Plastic 15mm
670GM-CHOPPINGBO,Chopping Board S.S. No.2(10×14 Inch 670gm),Plastic kitchenware,Raj Enterprises,PCS,3924,0,0,Chopping Board S.S. No.2(10×14 Inch 670gm)
950GM-CHOPPINGBO,Chopping Board S.S. No.3(16.5×11.5×1 Inch 950gm),Plastic kitchenware,Raj Enterprises,PCS,3924,0,0,Chopping Board S.S. No.3(16.5×11.5×1 Inch 950gm)
LARGE-CHOPPINGBO-002,Chopping Board WHITE LARGE,Plastic kitchenware,Raj Enterprises,PCS,3924,0,0,Chopping Board WHITE LARGE
MEDIUM-CHOPPINGBO-002,chopping board white Medium,Plastic kitchenware,Raj Enterprises,BOX,3924,0,0,chopping board white Medium
BIG-CHOPPINGBO,chopping board wooden big,Plastic kitchenware,Raj Enterprises,PCS,3911,0,0,chopping board wooden big
MID-CHOPPINGBO,Chopping board wooden mid,Plastic kitchenware,Raj Enterprises,PCS,3911,0,0,Chopping board wooden mid
GLASS-CLEAR,CLEAR GLASS,Plastic kitchenware,Raj Enterprises,PCS,3924,0,0,CLEAR GLASS
BIG-COCONUTOPE,COCONUT OPENER BIG,Plastic kitchenware,Raj Enterprises,PCS,3924,0,0,COCONUT OPENER BIG
MINI-COCONUTOPE,COCONUT OPENER MINI,Plastic kitchenware,Raj Enterprises,PCS,3924,0,0,COCONUT OPENER MINI
MUG-COFFEE,coffee mug,Plastic kitchenware,Raj Enterprises,Pack,3924,0,0,coffee mug
ML-CONTAINERF,Container Feel Fresh 1200 Ml,Plastic kitchenware,Raj Enterprises,PCS,3924,0,0,Container Feel Fresh 1200 Ml
BOTTLE-COOLANDCOO,COOL AND COOL BOTTLE,Plastic kitchenware,Raj Enterprises,PCS,3924,0,0,COOL AND COOL BOTTLE
SS-CORNCUTTER,Corn Cutter S.S.,Plastic kitchenware,Raj Enterprises,PCS,3924,0,0,Corn Cutter S.S.
BOX-CRESTADRYF,CRESTA DRY FRUIT BOX,Plastic kitchenware,Raj Enterprises,PCS,3924,0,0,CRESTA DRY FRUIT BOX
SET-CRYSTALDIA,Crystal Diamond Bottle 06 (3pcs Set),Plastic kitchenware,Raj Enterprises,PCS,3924,0,0,Crystal Diamond Bottle 06 (3pcs Set)
8-DCCUTEKNIF,"D.C Cute Knife 8""",Plastic kitchenware,Raj Enterprises,PCS,3924,0,0,"D.C Cute Knife 8"""
9-DCCUTEKNIF,"D.C Cute Knife 9""",Plastic kitchenware,Raj Enterprises,PCS,3924,0,0,"D.C Cute Knife 9"""
SET-DC3PCSKNIF,D.C. 3pcs Knife Set,Plastic kitchenware,Raj Enterprises,PCS,3924,0,0,D.C. 3pcs Knife Set
HEAD-DEER,DEER HEAD,Plastic kitchenware,Raj Enterprises,PCS,3924,0,0,DEER HEAD
STAINER-DELUXETEA,DELUXE TEA STAINER,Plastic kitchenware,Raj Enterprises,PCS,3924,0,0,DELUXE TEA STAINER
CONTAINER-DIAMOND,DIAMOND CONTAINER,Plastic kitchenware,Raj Enterprises,PCS,3924,0,0,DIAMOND CONTAINER
LOOSE-DILLIGHTER,DIL LIGHTER LOOSE,Plastic kitchenware,Raj Enterprises,PCS,3924,0,0,DIL LIGHTER LOOSE
BIG-DISHRACK,Dish Rack big,Plastic kitchenware,Raj Enterprises,PCS,3924,0,0,Dish Rack big
MEDIUM-DISHRACK,Dish Rack Medium,Plastic kitchenware,Raj Enterprises,PCS,7013,0,0,Dish Rack Medium
SMALL-DISHRACKST,Dish Rack Steel Small,Plastic kitchenware,Raj Enterprises,PCS,7013,0,0,Dish Rack Steel Small
127-DOORGUARD,DOOR GUARD (127),Plastic kitchenware,Raj Enterprises,PCS,3924,0,0,DOOR GUARD (127)
BOX-DRYFRUIT,DRY FRUIT BOX,Plastic kitchenware,Raj Enterprises,Pack,3924,0,0,DRY FRUIT BOX
CUTTER-DRYFRUIT,DRY FRUIT CUTTER,Plastic kitchenware,Raj Enterprises,PCS,3924,0,0,DRY FRUIT CUTTER
SLICER-DRYFRUIT,DRY FRUIT SLICER,Plastic kitchenware,Raj Enterprises,Pack,3924,0,0,DRY FRUIT SLICER
BOX-DUBBLEDECK,DUBBLE DECKER LUNCH BOX,Plastic kitchenware,Raj Enterprises,PCS,3924,0,0,DUBBLE DECKER LUNCH BOX
1616-DUSTERCLEA,Duster Cleaning Kitchen/ Floor 16*16,Plastic kitchenware,Raj Enterprises,PCS,3924,0,0,Duster Cleaning Kitchen/ Floor 16*16
DOZEN-DUSTPANPLA,Dustpan Plastic BIG Size (paan) 1 Dozen,Plastic kitchenware,Raj Enterprises,DZ,3924,0,0,Dustpan Plastic BIG Size (paan) 1 Dozen
KNIFE-EXCELLENTP,Excellent Peeling Knife,Plastic kitchenware,Raj Enterprises,PCS,3924,0,0,Excellent Peeling Knife
PEELER-EXCELLENTP,Excellent Peeling Peeler,Plastic kitchenware,Raj Enterprises,DZ,3924,0,0,Excellent Peeling Peeler
LIGHTER-EXPRESS,EXPRESS LIGHTER,Plastic kitchenware,Raj Enterprises,PCS,3924,0,0,EXPRESS LIGHTER
PLAIN-FIGHTERKNI,FIGHTER KNIFE (PLAIN),Plastic kitchenware,Raj Enterprises,DZ,3924,0,0,FIGHTER KNIFE (PLAIN)
LIGHTER-FIGO,FIGO LIGHTER,Plastic kitchenware,Raj Enterprises,PCS,3924,0,0,FIGO LIGHTER
12INCH-FOLDINGSTO,FOLDING STOOL 12INCH,Plastic kitchenware,Raj Enterprises,PCS,3924,0,0,FOLDING STOOL 12INCH
TROLLEY-GAS,GAS TROLLEY,Plastic kitchenware,Raj Enterprises,PCS,3924,0,0,GAS TROLLEY
HEAVY-GASTROLLYS,GAS TROLLY STEEL HEAVY,Plastic kitchenware,Raj Enterprises,PCS,7323,0,0,GAS TROLLY STEEL HEAVY
REGULAR-GASTROLLYS,GAS TROLLY STEEL REGULAR,Plastic kitchenware,Raj Enterprises,PCS,3924,0,0,GAS TROLLY STEEL REGULAR
LOTUS-GLASSSTAND,Glass Stand Lotus,Plastic kitchenware,Raj Enterprises,PCS,7323,0,0,Glass Stand Lotus
GLASS-GLASSSTAND,Glass Stand with Glass,Plastic kitchenware,Raj Enterprises,PCS,7013,0,0,Glass Stand with Glass
MAKER-GUJIYA,GUJIYA MAKER,Plastic kitchenware,Raj Enterprises,PCS,3924,0,0,GUJIYA MAKER
1500ML-GYMSHAKERB,Gym Shaker Bottle 1500ml,Plastic kitchenware,Raj Enterprises,PCS,3924,0,0,Gym Shaker Bottle 1500ml
700ML-GYMSHAKERB,Gym Shaker Bottle With Ball 700ml,Plastic kitchenware,Raj Enterprises,PCS,3924,0,0,Gym Shaker Bottle With Ball 700ml
MUG-HAPPYTIME,HAPPY TIME MUG,Plastic kitchenware,Raj Enterprises,PCS,3924,0,0,HAPPY TIME MUG
KNIFE-HEAVYLIGHT,HEAVY LIGHTER WITH KNIFE,Plastic kitchenware,Raj Enterprises,PCS,3924,0,0,HEAVY LIGHTER WITH KNIFE
ROUND-HOTMATBIG,Hot Mat Big Round,Plastic kitchenware,Raj Enterprises,PCS,3911,0,0,Hot Mat Big Round
ROUND-HOTMATMID,Hot Mat mid Round,Plastic kitchenware,Raj Enterprises,PCS,3911,0,0,Hot Mat mid Round
SET-ICECANDYMA,Ice Candy Maker [6pcs Set],Plastic kitchenware,Raj Enterprises,PCS,3924,0,0,Ice Candy Maker [6pcs Set]
ROUND-ICECANDY,Ice Candy Round,Plastic kitchenware,Raj Enterprises,PCS,3924,0,0,Ice Candy Round
SQUARE-ICETRAYSIL,Ice Tray Silicone SQUARE,Plastic kitchenware,Raj Enterprises,PCS,3924,0,0,Ice Tray Silicone SQUARE
ORANGE-JUICER,JUICER ORANGE,Plastic kitchenware,Raj Enterprises,PCS,3924,0,0,JUICER ORANGE
SQUARE-JUICERSSJA,Juicer S.S. Jali Heavy [Square],Plastic kitchenware,Raj Enterprises,PCS,3924,0,0,Juicer S.S. Jali Heavy [Square]
ROUND-JUICERSSJA,Juicer S.S. Jali Round,Plastic kitchenware,Raj Enterprises,BOX,3924,0,0,Juicer S.S. Jali Round
GLASS-JUICY,JUICY GLASS,Plastic kitchenware,Raj Enterprises,PCS,3924,0,0,JUICY GLASS
BLENDER-JUMBO,Jumbo Blender,Plastic kitchenware,Raj Enterprises,Pack,3924,0,0,Jumbo Blender
STAND-JUMBOKEY,JUMBO KEY STAND,Plastic kitchenware,Raj Enterprises,PCS,3924,0,0,JUMBO KEY STAND
HOUSE-KEY,KEY HOUSE,Plastic kitchenware,Raj Enterprises,PCS,3924,0,0,KEY HOUSE
LAZAR-KNIFEAPPLE,Knife Apple Lazar,Plastic kitchenware,Raj Enterprises,PCS,3924,0,0,Knife Apple Lazar
PLAIN-KNIFEAPPLE,Knife Apple Plain,Plastic kitchenware,Raj Enterprises,PCS,3924,0,0,Knife Apple Plain
BIG-KNIFECHEF,Knife Chef Big,Plastic kitchenware,Raj Enterprises,PCS,3924,0,0,Knife Chef Big
INCH-KNIFEHEAVY,Knife HEAVY 10 Inch,Plastic kitchenware,Raj Enterprises,BOX,3924,0,0,Knife HEAVY 10 Inch
INCH-KNIFEHEAVY-002,Knife HEAVY 12 Inch,Plastic kitchenware,Raj Enterprises,PCS,3924,0,0,Knife HEAVY 12 Inch
PCS-KNIFEWOODE,Knife Wooden Handle (12 pcs),Plastic kitchenware,Raj Enterprises,DZ,3924,0,0,Knife Wooden Handle (12 pcs)
KNIFE21-KNIFE21,Knife-21,Plastic kitchenware,Raj Enterprises,DZ,3924,0,0,Knife-21
KNIFE786-KNIFE786,Knife-786,Plastic kitchenware,Raj Enterprises,DZ,3924,0,0,Knife-786
PACK-KULFIMAKER,Kulfi Maker [Box Pack],Plastic kitchenware,Raj Enterprises,PCS,3924,0,0,Kulfi Maker [Box Pack]
MASHER-LSHAPE,L Shape Masher,Plastic kitchenware,Raj Enterprises,PCS,3924,0,0,L Shape Masher
BLACK-LEMONSQUEE,LEMON SQUEEZER ALMUNIUM BLACK,Plastic kitchenware,Raj Enterprises,PCS,3924,0,0,LEMON SQUEEZER ALMUNIUM BLACK
SILVER-LEMONSQUEE,LEMON SQUEEZER ALUMINIUM SILVER,Plastic kitchenware,Raj Enterprises,PCS,3924,0,0,LEMON SQUEEZER ALUMINIUM SILVER
W-LEMONSQUEE,Lemon Squeezer Aluminum (W),Plastic kitchenware,Raj Enterprises,PCS,3924,0,0,Lemon Squeezer Aluminum (W)
VATKI-LEMONSQUEE,Lemon Squeezer Plastic S.S. vatki,Plastic kitchenware,Raj Enterprises,PCS,3924,0,0,Lemon Squeezer Plastic S.S. vatki
HEAVY-LEMONSQUEE,Lemon Squeezer SS Heavy,Plastic kitchenware,Raj Enterprises,PCS,7323,0,0,Lemon Squeezer SS Heavy
GRIP-LIGHTER12A,Lighter 12 Aani / 1 Feet plastic grip,Plastic kitchenware,Raj Enterprises,PCS,3924,0,0,Lighter 12 Aani / 1 Feet plastic grip
PACK-LIGHTERBLA,Lighter Black EAGLE 12mm (Box pack),Plastic kitchenware,Raj Enterprises,PCS,3924,0,0,Lighter Black EAGLE 12mm (Box pack)
SS-LIGHTER,Lighter S.S,Plastic kitchenware,Raj Enterprises,PCS,3924,0,0,Lighter S.S
COMPARTMENTS-LUNCHBOX3,Lunch Box 3 Compartments,Plastic kitchenware,Raj Enterprises,PCS,3924,0,0,Lunch Box 3 Compartments
CLASSIC-LUNCHBOX,LUNCH BOX CLASSIc,Plastic kitchenware,Raj Enterprises,PCS,3924,0,0,LUNCH BOX CLASSIc
POLYPACK-LUNCHBOXDE,Lunch Box Delicious (Polypack),Plastic kitchenware,Raj Enterprises,PCS,3924,0,0,Lunch Box Delicious (Polypack)
PACK-LUNCHBOXDI,Lunch Box Divine(Plain) (Box Pack),Plastic kitchenware,Raj Enterprises,PCS,3924,0,0,Lunch Box Divine(Plain) (Box Pack)
EASY-LUNCHBOX,LUNCH BOX EASY,Plastic kitchenware,Raj Enterprises,PCS,3924,0,0,LUNCH BOX EASY
FROGGY-LUNCHBOX,Lunch Box Froggy,Plastic kitchenware,Raj Enterprises,PCS,3924,0,0,Lunch Box Froggy
HEALTHY-LUNCHBOXKI,Lunch Box Kids Healthy,Plastic kitchenware,Raj Enterprises,PCS,3924,0,0,Lunch Box Kids Healthy
PACK-LUNCHBOXKI,Lunch Box Kids Printed(Box Pack),Plastic kitchenware,Raj Enterprises,PCS,3924,0,0,Lunch Box Kids Printed(Box Pack)
TRASNPARENT-LUNCHBOXLO,LUNCH BOX LOCK & LOCK TRASNPARENT,Plastic kitchenware,Raj Enterprises,PCS,3924,0,0,LUNCH BOX LOCK & LOCK TRASNPARENT
LOCKET-LUNCHBOX,Lunch Box Locket,Plastic kitchenware,Raj Enterprises,PCS,3924,0,0,Lunch Box Locket
LOCKETBEST-LUNCHBOXPR,Lunch Box Printed With locket(Best),Plastic kitchenware,Raj Enterprises,PCS,3924,0,0,Lunch Box Printed With locket(Best)
HV-LUNCHBOXSS,Lunch Box S.S. 2 Compartment (H.V.),Plastic kitchenware,Raj Enterprises,PCS,3924,0,0,Lunch Box S.S. 2 Compartment (H.V.)
ROYAL-LUNCHBOXSS,Lunch Box S.S. Dabi (Royal),Plastic kitchenware,Raj Enterprises,PCS,3924,0,0,Lunch Box S.S. Dabi (Royal)
PREXO-LUNCHBOXSS,Lunch Box S.S. Flipto  (Prexo),Plastic kitchenware,Raj Enterprises,PCS,3924,0,0,Lunch Box S.S. Flipto  (Prexo)
DABI-LUNCHBOXSS,Lunch Box S.S. Plastic Dabi,Plastic kitchenware,Raj Enterprises,PCS,3924,0,0,Lunch Box S.S. Plastic Dabi
BIG-LUNCHBOXSS,Lunch Box S.S. Square (big),Plastic kitchenware,Raj Enterprises,PCS,3924,0,0,Lunch Box S.S. Square (big)
PACK-LUNCHBOXSQ,Lunch Box Square 2 Deck  Printed Locket (Poly Pack),Plastic kitchenware,Raj Enterprises,PCS,3924,0,0,Lunch Box Square 2 Deck  Printed Locket (Poly Pack)
SS-LUNCHBOXST,Lunch Box Steelo S.S.,Plastic kitchenware,Raj Enterprises,PCS,7323,0,0,Lunch Box Steelo S.S.
SS-LUNCHBOXTE,Lunch Box Tengo Big S.S.,Plastic kitchenware,Raj Enterprises,PCS,7323,0,0,Lunch Box Tengo Big S.S.
TOKYO-LUNCHBOX,LUNCH BOX TOKYO,Plastic kitchenware,Raj Enterprises,PCS,3924,0,0,LUNCH BOX TOKYO
BOX-LUNCHEXKID,LUNCHEX Kids Lunch Box,Plastic kitchenware,Raj Enterprises,PCS,3924,0,0,LUNCHEX Kids Lunch Box
BOX-MAGICMASAL,MAGIC MASALA BOX,Plastic kitchenware,Raj Enterprises,Pack,3924,0,0,MAGIC MASALA BOX
ATLANTIC-MASALADRYF,MASALA & DRYFRUIT Atlantic,Plastic kitchenware,Raj Enterprises,PCS,3924,0,0,MASALA & DRYFRUIT Atlantic
REVOLVING-MASALABOX3,Masala Box 360 Revolving,Plastic kitchenware,Raj Enterprises,PCS,3924,0,0,Masala Box 360 Revolving
SP-MASALABOXC,Masala Box Color 7 CupWith Spoons (S.P.),Plastic kitchenware,Raj Enterprises,PCS,3924,0,0,Masala Box Color 7 CupWith Spoons (S.P.)
KING-MASALABOX,Masala Box King,Plastic kitchenware,Raj Enterprises,PCS,3924,0,0,Masala Box King
FIRST-MASALABOXS,MASALA BOX SEQ. FIRST,Plastic kitchenware,Raj Enterprises,DZ,3924,0,0,MASALA BOX SEQ. FIRST
MINI-MASALABOXS,MASALA BOX SEQ. mini,Plastic kitchenware,Raj Enterprises,DZ,3924,0,0,MASALA BOX SEQ. mini
SHAGUN-MASALABOX,Masala Box SHAGUN,Plastic kitchenware,Raj Enterprises,PCS,3924,0,0,Masala Box SHAGUN
KING-MASALABOXS,Masala Box Super King,Plastic kitchenware,Raj Enterprises,PCS,3924,0,0,Masala Box Super King
JK-MASHERPOLY,Masher Polygon (J.K),Plastic kitchenware,Raj Enterprises,PCS,3924,0,0,Masher Polygon (J.K)
JK-MASHERROUN,Masher Round Shape S.S. (J.K),Plastic kitchenware,Raj Enterprises,PCS,3924,0,0,Masher Round Shape S.S. (J.K)
HANDLE-MASHERSS,Masher S.S Handle,Plastic kitchenware,Raj Enterprises,PCS,3924,0,0,Masher S.S Handle
SS-MASHER,MASHER S.S.,Plastic kitchenware,Raj Enterprises,PCS,3924,0,0,MASHER S.S.
HEAVY-MASHERSSUL,Masher S.S. Ultra HEAVY,Plastic kitchenware,Raj Enterprises,PCS,3924,0,0,Masher S.S. Ultra HEAVY
HANDLE-MASHERWOOD,Masher Wooden Handle,Plastic kitchenware,Raj Enterprises,PCS,3924,0,0,Masher Wooden Handle
STAND-MATKA,MATKA STAND,Plastic kitchenware,Raj Enterprises,PCS,3924,0,0,MATKA STAND
POT-MATKASTAND,Matka Stand [Pot],Plastic kitchenware,Raj Enterprises,PCS,3924,0,0,Matka Stand [Pot]
PREMIUM-MATKASTAND,MATKA STAND STEEL PREMIUM,Plastic kitchenware,Raj Enterprises,PCS,7323,0,0,MATKA STAND STEEL PREMIUM
BIG-MATKASTAND,Matka Stand Steel Round Big,Plastic kitchenware,Raj Enterprises,PCS,3924,0,0,Matka Stand Steel Round Big
SMALL-MATKASTAND,Matka Stand Steel Round Small,Plastic kitchenware,Raj Enterprises,PCS,7323,0,0,Matka Stand Steel Round Small
SQUARE-MATKASTAND,MATKA STAND STEEL SQUARE,Plastic kitchenware,Raj Enterprises,PCS,7323,0,0,MATKA STAND STEEL SQUARE
2500ML-MAXFRESHHO,MaxFresh Hot Pot Jet 2500ml,Steelware,MaxFresh,PCS,7323,0,0,Hot Pot Jet
20000ML-MAXFRESHHO,MaxFresh Hot Pot Solitaire 20000ml,Steelware,MaxFresh,PCS,7323,0,0,Hot Pot Solitaire
4000ML-MAXFRESHHO,MaxFresh Hot Pot Solitaire 4000ml,Steelware,MaxFresh,PCS,7323,0,0,Hot Pot Solitaire
SET-MAXFRESHMU,MaxFresh Multi Kadai Mini (5-in-1 Set),Steelware,MaxFresh,PCS,7323,0,0,Multi Kadai Mini
10L-MAXFRESHSS,MaxFresh SS Tea Jar 10L,Steelware,MaxFresh,PCS,7323,0,0,SS Tea Jar
24CM-MAXFRESHTR,MaxFresh Triply Kadai with Glass Lid 24cm,Steelware,MaxFresh,PCS,7323,0,0,Triply Kadai with Glass Lid
1000-MAXFRESHVA,MaxFresh Vacuum Flask 1000,Steelware,MaxFresh,PCS,9617,0,0,Vacuum Flask
750ML-MAXFRESHWA,MaxFresh Water Bottle Stylish 750ml,Steelware,MaxFresh,PCS,9617,0,0,Water Bottle Stylish
NO8-MAXFRESHEX,MaxFresh EXTRA DEEP SEE THRU MASALA DABBA no.8,Steelware,MaxFresh,PCS,7323,0,0,EXTRA DEEP SEE THRU MASALA DABBA
2000ML-MAXFRESHHO,MaxFresh HOT POT ROYAL 2000ml,Steelware,MaxFresh,PCS,7323,0,0,HOT POT ROYAL
3000ML-MAXFRESHHO,MaxFresh HOT POT ROYAL 3000ml,Steelware,MaxFresh,PCS,7323,0,0,HOT POT ROYAL
5000ML-MAXFRESHHO,MaxFresh HOT POT ROYAL 5000ml,Steelware,MaxFresh,PCS,7323,0,0,HOT POT ROYAL
BOTTOM-MAXFRESHID,MaxFresh IDLI COOKER SANDWICH BOTTOM,Steelware,MaxFresh,PCS,7323,0,0,IDLI COOKER SANDWICH BOTTOM
200ML-MAXFRESHSS,MaxFresh S S FEEDING BOTTLE 200ml,Steelware,MaxFresh,PCS,7323,0,0,S S FEEDING BOTTLE
250ML-MAXFRESHSS,MaxFresh S S FEEDING BOTTLE 250ml,Steelware,MaxFresh,PCS,7323,0,0,S S FEEDING BOTTLE
LID-MAXFRESHSS,MaxFresh SS KADAI- 24 CM (WITH LID),Steelware,MaxFresh,PCS,7323,0,0,SS KADAI- 24 CM (WITH LID)
2TIER-MAXFRESHST,MaxFresh STEAMER WITH GLASS LID 20cm 2tier,Steelware,MaxFresh,PCS,7323,0,0,STEAMER WITH GLASS LID
G-MAXFRESHTR,MaxFresh TRIPLY DELUXE KADAI WITH LID (1000 g),Steelware,MaxFresh,KG,7326,0,0,TRIPLY DELUXE KADAI WITH LID
15CUP-MAXFRESHTR,MaxFresh TRIPLY TADKAPAN 1.5cup,Steelware,MaxFresh,PCS,7323,0,0,TRIPLY TADKAPAN
600ML-MAXFRESHUL,MaxFresh ULTRA SIPPER WATER BOTTLE 600ml,Steelware,MaxFresh,PCS,7323,0,0,ULTRA SIPPER WATER BOTTLE
NO6-MAXFRESHWI,MaxFresh WIRE RECTANGLE MASALA DABBA NO6,Steelware,MaxFresh,PCS,7323,0,0,WIRE RECTANGLE MASALA DABBA
NO7-MAXFRESHWI,MaxFresh WIRE ROUND MASALA DABBA NO7,Steelware,MaxFresh,PCS,7323,0,0,WIRE ROUND MASALA DABBA
STAND-MINIMOBILE,Mini Mobile Stand,Plastic kitchenware,Raj Enterprises,PCS,3924,0,0,Mini Mobile Stand
STAND-MOBILEOK,Mobile Ok Stand,Plastic kitchenware,Raj Enterprises,PCS,3924,0,0,Mobile Ok Stand
MUG181-MORNINGCOF,MORNING COFFEE MUG(181),Plastic kitchenware,Raj Enterprises,Pack,3924,0,0,MORNING COFFEE MUG(181)
SET-MUGCHAISTE,Mug Chai Steel Cup [6pcs Set],Plastic kitchenware,Raj Enterprises,PCS,3924,0,0,Mug Chai Steel Cup [6pcs Set]
FIRST-MUGVOLVO10,MUG VOLVO 1000 ML FIRST,Plastic kitchenware,Raj Enterprises,DZ,3924,0,0,MUG VOLVO 1000 ML FIRST
MILKY-MUGVOLVO10,MUG VOLVO 1000 ML MILKY,Plastic kitchenware,Raj Enterprises,DZ,3924,0,0,MUG VOLVO 1000 ML MILKY
MILKY-MUGVOLVO75,MUG VOLVO 750 ML MILKY,Plastic kitchenware,Raj Enterprises,DZ,3924,0,0,MUG VOLVO 750 ML MILKY
SET-MULTIPURPO,multipurpose dinning set,Plastic kitchenware,Raj Enterprises,PCS,3924,0,0,multipurpose dinning set
NENO-NENOJUICER,NENO JUICER 2 IN 1,Plastic kitchenware,Raj Enterprises,PCS,3924,0,0,NENO JUICER 2 IN 1
NICER-NICERDICER,NICER DICER 12 IN 1,Plastic kitchenware,Raj Enterprises,PCS,3924,0,0,NICER DICER 12 IN 1
8INCH240MM-OILBRUSHSI,Oil Brush Silicone [Length 8Inch(240mm)],Plastic kitchenware,Raj Enterprises,PCS,3924,0,0,Oil Brush Silicone [Length 8Inch(240mm)]
1000ML-OILDISPENS,OIL DISPENSER 1000ML,Plastic kitchenware,Raj Enterprises,PCS,3924,0,0,OIL DISPENSER 1000ML
500ML-OILDISPENS,Oil Dispenser Bottle 500ml,Plastic kitchenware,Raj Enterprises,PCS,3924,0,0,Oil Dispenser Bottle 500ml
SPATULA-OIL,OIL SPATULA,Plastic kitchenware,Raj Enterprises,PCS,3924,0,0,OIL SPATULA
PLATE-OWLSHAPE,OWL SHAPE PLATE,Plastic kitchenware,Raj Enterprises,Pack,3924,0,0,OWL SHAPE PLATE
SET-OWLSHAPEPL,OWL SHAPE PLATE (6 PIC SET),Plastic kitchenware,Raj Enterprises,PCS,3924,0,0,OWL SHAPE PLATE (6 PIC SET)
B029-PEELERCLAS,Peeler Classic B029,Plastic kitchenware,Raj Enterprises,PCS,3924,0,0,Peeler Classic B029
COLORFUL-PEELER,Peeler Colorful,Plastic kitchenware,Raj Enterprises,DZ,3924,0,0,Peeler Colorful
MASHER-PIPE,PIPE MASHER,Plastic kitchenware,Raj Enterprises,PCS,3924,0,0,PIPE MASHER
REGULAR-PIZZACUTTE,Pizza Cutter Plastic Regular,Plastic kitchenware,Raj Enterprises,PCS,3924,0,0,Pizza Cutter Plastic Regular
BIG-PLASTICLEM,Plastic lemon squeezer big,Plastic kitchenware,Raj Enterprises,PCS,3901,0,0,Plastic lemon squeezer big
BELLAN-POLPATSTEE,Polpat Steel Base With bellan,Plastic kitchenware,Raj Enterprises,BOX,3924,0,0,Polpat Steel Base With bellan
MUG-POPCOFFEE,POP COFFEE MUG,Plastic kitchenware,Raj Enterprises,PCS,3924,0,0,POP COFFEE MUG
CUTTER-POTATO,POTATO CUTTER,Plastic kitchenware,Raj Enterprises,PCS,3924,0,0,POTATO CUTTER
BLADES-POTATOCUTT,Potato Cutter Transparent 2 Blades,Plastic kitchenware,Raj Enterprises,PCS,3924,0,0,Potato Cutter Transparent 2 Blades
JUMBO-POWERFREEH,Power Free Hand Beater - jumbo,Plastic kitchenware,Raj Enterprises,PCS,3924,0,0,Power Free Hand Beater - jumbo
Z010-POWERFREEH,Power Free Hand Beater -Z010,Plastic kitchenware,Raj Enterprises,PCS,3924,0,0,Power Free Hand Beater -Z010
BOX-PREMIUMMAS,PREMIUM MASALA BOX,Plastic kitchenware,Raj Enterprises,PCS,3924,0,0,PREMIUM MASALA BOX
1000ML-PUSHCHOPPE,PUSH CHOPPER 1000ML,Plastic kitchenware,Raj Enterprises,PCS,3924,0,0,PUSH CHOPPER 1000ML
KING-PUSHCHOPPE,PUSH CHOPPER 650 ML STEEL KING,Plastic kitchenware,Raj Enterprises,PCS,3924,0,0,PUSH CHOPPER 650 ML STEEL KING
800ML-PUSHCHOPPE,Push chopper 800ml,Plastic kitchenware,Raj Enterprises,PCS,3924,0,0,Push chopper 800ml
1000ML-QUICKCHOPP,QUICK CHOPPER 1000ML,Plastic kitchenware,Raj Enterprises,PCS,3924,0,0,QUICK CHOPPER 1000ML
450ML-QUICKCHOPP,Quick Chopper 450ml,Plastic kitchenware,Raj Enterprises,PCS,3924,0,0,Quick Chopper 450ml
600ML-REALPUSHCH,REAL PUSH CHOOPER 600ML,Plastic kitchenware,Raj Enterprises,PCS,3924,0,0,REAL PUSH CHOOPER 600ML
PCS-RINGPEELER,Ring Peeler SS-12 pcs,Plastic kitchenware,Raj Enterprises,DZ,3924,0,0,Ring Peeler SS-12 pcs
BIG-ROASTSTAND,Roast stand Big,Plastic kitchenware,Raj Enterprises,PCS,7013,0,0,Roast stand Big
SMALL-ROASTSTAND,Roast Stand Small,Plastic kitchenware,Raj Enterprises,PCS,7323,0,0,Roast Stand Small
TRAY-ROTATION,ROTATION TRAY,Plastic kitchenware,Raj Enterprises,Pack,3924,0,0,ROTATION TRAY
ONE-ROUNDALLIN,ROUND ALL IN ONE,Plastic kitchenware,Raj Enterprises,PCS,3924,0,0,ROUND ALL IN ONE
BOX-ROUNDMASAL,ROUND MASALA BOX,Plastic kitchenware,Raj Enterprises,PCS,3924,0,0,ROUND MASALA BOX
MAKER-ROYALICECA,Royal ice candy maker,Plastic kitchenware,Raj Enterprises,PCS,3924,0,0,Royal ice candy maker
NO1-SSCLIP,S.S. CLIP NO.1,Plastic kitchenware,Raj Enterprises,DZ,3924,0,0,S.S. CLIP NO.1
NO6-SSCLIP,S.S. CLIP NO.6,Plastic kitchenware,Raj Enterprises,DZ,3924,0,0,S.S. CLIP NO.6
851GM-SSKHALBATT,S.S. Khalbatta No.02[Weight - 851gm,Plastic kitchenware,Raj Enterprises,PCS,7323,0,0,S.S. Khalbatta No.02[Weight - 851gm
NO03-SSKHALBATT,S.S. Khalbatta No.03,Plastic kitchenware,Raj Enterprises,PCS,7323,0,0,S.S. Khalbatta No.03
1311GM-SSKHALBATT,S.S. Khalbatta No.04 1311gm,Plastic kitchenware,Raj Enterprises,PCS,7323,0,0,S.S. Khalbatta No.04 1311gm
SS-SSSLICER2I,s.s. slicer 2 in 1,Plastic kitchenware,Raj Enterprises,PCS,7323,0,0,s.s. slicer 2 in 1
KNIFE-SERRATED,Serrated Knife,Plastic kitchenware,Raj Enterprises,DZ,3924,0,0,Serrated Knife
NO08-SEVSANCHAD,SEV SANCHA DELUXE NO.08,Plastic kitchenware,Raj Enterprises,PCS,7323,0,0,SEV SANCHA DELUXE NO.08
NO09-SEVSANCHAD,SEV SANCHA DELUXE NO.09,Plastic kitchenware,Raj Enterprises,PCS,7323,0,0,SEV SANCHA DELUXE NO.09
NO10-SEVSANCHAD,SEV SANCHA DELUXE NO.10,Plastic kitchenware,Raj Enterprises,PCS,7323,0,0,SEV SANCHA DELUXE NO.10
SET-SIMPLEDESI,Simple Design Bottle 15 [3pcs Set],Plastic kitchenware,Raj Enterprises,BOX,3924,0,0,Simple Design Bottle 15 [3pcs Set]
LIGHGTER-SIMPOLO,Simpolo Lighgter,Plastic kitchenware,Raj Enterprises,PCS,3924,0,0,Simpolo Lighgter
LIGHTER-SMALLNG,SMALL N.G. LIGHTER,Plastic kitchenware,Raj Enterprises,PCS,3924,0,0,SMALL N.G. LIGHTER
SPATULA-SMALL,SMALL SPATULA,Plastic kitchenware,Raj Enterprises,PCS,3924,0,0,SMALL SPATULA
HEAVY-SMARTGASTR,SMART GAS TROLLEY HEAVY,Plastic kitchenware,Raj Enterprises,PCS,3924,0,0,SMART GAS TROLLEY HEAVY
KHATLA-SOAPCASEBI,SOAP CASE BIG KHATLA,Plastic kitchenware,Raj Enterprises,DZ,3924,0,0,SOAP CASE BIG KHATLA
PLAIN-SOLOKNIFE,SOLO KNIFE (PLAIN),Plastic kitchenware,Raj Enterprises,DZ,3924,0,0,SOLO KNIFE (PLAIN)
BOTTLE-SPRAY,Spray bottle,Plastic kitchenware,Raj Enterprises,PCS,3924,0,0,Spray bottle
DELUX-SPRINGRAWA,Spring Rawai S.S delux,Plastic kitchenware,Raj Enterprises,PCS,7323,0,0,Spring Rawai S.S delux
SUPRIMO-SPRINGRAWA,Spring Rawai S.S SUPRIMO,Plastic kitchenware,Raj Enterprises,PCS,3924,0,0,Spring Rawai S.S SUPRIMO
ONE-SQUAREALLI,SQUARE ALL IN ONE,Plastic kitchenware,Raj Enterprises,PCS,3924,0,0,SQUARE ALL IN ONE
BOTTLE-SQUARE,SQUARE BOTTLE,Plastic kitchenware,Raj Enterprises,PCS,3924,0,0,SQUARE BOTTLE
BOX-SQUAREMASA,SQUARE MASALA BOX,Plastic kitchenware,Raj Enterprises,PCS,3924,0,0,SQUARE MASALA BOX
SET-SQUAREWITH,Square With SS Cap Bottle 01 (3pcs Set),Plastic kitchenware,Raj Enterprises,BOX,3924,0,0,Square With SS Cap Bottle 01 (3pcs Set)
01-SSJALIROUN,SS JALIROUND JUICER (01),Plastic kitchenware,Raj Enterprises,PCS,3924,0,0,SS JALIROUND JUICER (01)
PEELER-SS,SS PEELER,Plastic kitchenware,Raj Enterprises,DZ,7323,0,0,SS PEELER
KNIFE-SSPIPEPOIN,SS Pipe point colour Knife,Plastic kitchenware,Raj Enterprises,DZ,3924,0,0,SS Pipe point colour Knife
CUTTER-SSPIZZA,SS PIZZA CUTTER,Plastic kitchenware,Raj Enterprises,PCS,3924,0,0,SS PIZZA CUTTER
KNIFE-SSPLAIN,SS plain Knife,Plastic kitchenware,Raj Enterprises,DZ,7323,0,0,SS plain Knife
LOOSE-STEELLEMON,Steel Lemon Squeezer 100g Loose,Plastic kitchenware,Raj Enterprises,PCS,7323,0,0,Steel Lemon Squeezer 100g Loose
160G-STEELLEMON,Steel Lemon Squeezer 160g,Plastic kitchenware,Raj Enterprises,PCS,7323,0,0,Steel Lemon Squeezer 160g
180G-STEELLEMON,Steel Lemon Squeezer 180g,Plastic kitchenware,Raj Enterprises,PCS,3911,0,0,Steel Lemon Squeezer 180g
270G-STEELLEMON,Steel lemon squeezer 270G,Plastic kitchenware,Raj Enterprises,PCS,3911,0,0,Steel lemon squeezer 270G
NO3-STEELSTRAI,steel Strainner no.3,Plastic kitchenware,Raj Enterprises,DZ,7323,0,0,steel Strainner no.3
PREXO-STEELOSSLU,Steelo S.S. Lunch Box  (Prexo),Plastic kitchenware,Raj Enterprises,Pack,7323,0,0,Steelo S.S. Lunch Box  (Prexo)
LUNCH-SUMO2LAYER,SUMO 2 LAYER STEEL LUNCH,Plastic kitchenware,Raj Enterprises,PCS,3924,0,0,SUMO 2 LAYER STEEL LUNCH
PEELER-SUMO,Sumo Peeler,Plastic kitchenware,Raj Enterprises,DZ,3924,0,0,Sumo Peeler
KNIFE-SUPER,SUPER KNIFE,Plastic kitchenware,Raj Enterprises,DZ,3924,0,0,SUPER KNIFE
MUG-TBSTONEWAR,TB Stoneware 1116 Mug,Crockery,TIBROS,PCS,6911,0,0,TB Stoneware 1116 Mug
MUG-TBSTONEWAR-002,TB Stoneware 1116 Sparkle Mug,Crockery,TIBROS,PCS,6911,0,0,TB Stoneware 1116 Sparkle Mug
MUG-TBSTONEWAR-003,TB Stoneware 1147 Mug,Crockery,TIBROS,PCS,6911,0,0,TB Stoneware 1147 Mug
SET-TBSTONEWAR,Tb- Stoneware Chuski Mug TT Matt - 6 Pcs Set,Crockery,TIBROS,BOX,6911,0,0,Tb- Stoneware Chuski Mug TT Matt - 6 Pcs Set
TONE-TBSTONEWAR,TB Stoneware Cup & Saucer [Dual Tone],Crockery,TIBROS,PCS,6911,0,0,TB Stoneware Cup & Saucer [Dual Tone]
SET-TBSTONEWAR-002,TB Stoneware Handi (2 Pcs Set),Crockery,TIBROS,BOX,6911,0,0,TB Stoneware Handi (2 Pcs Set)
SET-TBPERFECTB,Tb-Perfect Beverage (3 Pcs Set),Crockery,TIBROS,PCS,6911,0,0,Tb-Perfect Beverage (3 Pcs Set)
PCS-TBPREMIUMG,Tb-Premium Gold Line Mug Set of 6 Pcs,Crockery,TIBROS,BOX,6911,0,0,Tb-Premium Gold Line Mug Set of 6 Pcs
MUG-TBSTONEWAR-004,TB-Stoneware 1110 Matt Mug,Crockery,TIBROS,PCS,6911,0,0,TB-Stoneware 1110 Matt Mug
S6-TBSTONEWAR,Tb-Stoneware Mug -1148 (S/6),Crockery,TIBROS,PCS,6911,0,0,Tb-Stoneware Mug -1148 (S/6)
PCLAVA-TBVINTAGEM,Tb-Vintage Mug (1 PC)-Lava,Crockery,TIBROS,PCS,6911,0,0,Tb-Vintage Mug (1 PC)-Lava
NO2-TEAMESHSTR,TEA MESH STRAINER NO.2,Plastic kitchenware,Raj Enterprises,PCS,3924,0,0,TEA MESH STRAINER NO.2
NET-TEASTRAINE,Tea Strainer No.3 Plastic (double Net),Plastic kitchenware,Raj Enterprises,DZ,3924,0,0,Tea Strainer No.3 Plastic (double Net)
NET-TEASTRAINE-002,Tea Strainer NO.3 White (double Net),Plastic kitchenware,Raj Enterprises,DZ,3924,0,0,Tea Strainer NO.3 White (double Net)
ULTRA-TEASTRAINE,Tea Strainer S.S. ULTRA,Plastic kitchenware,Raj Enterprises,PCS,3924,0,0,Tea Strainer S.S. ULTRA
HOUSE-TEDDY,TEDDY HOUSE,Plastic kitchenware,Raj Enterprises,PCS,3924,0,0,TEDDY HOUSE
PCS-TIBROSASTE,TIBROS Aster Prime Series- Dining Set (33 pcs),Crockery,TIBROS,PCS,3924,0,0,TIBROS Aster Prime Series- Dining Set (33 pcs)
PCS-TIBROSASTE-002,TIBROS Aster Series - Dining set (33 pcs),Crockery,TIBROS,BOX,3924,0,0,TIBROS Aster Series - Dining set (33 pcs)
PCS-TIBROSCERA,Tibros Ceramic Refresh MUG Set of 6 pcs,Crockery,TIBROS,BOX,6911,0,0,Tibros Ceramic Refresh MUG Set of 6 pcs
TREE-TIBROSCERM,TIBROS- Cermic MUG TREE COLOR TREE,Crockery,TIBROS,BOX,6911,0,0,TIBROS- Cermic MUG TREE COLOR TREE
PCS-TIBROSETHI,TIBROS Ethinc Series - Dining Set (33 pcs),Crockery,TIBROS,BOX,3924,0,0,TIBROS Ethinc Series - Dining Set (33 pcs)
315235-TIBROSETHN,TIBROS Ethnic Series- Canvas Tray (M) 31.5*23.5,Crockery,TIBROS,PCS,3924,0,0,TIBROS Ethnic Series- Canvas Tray (M) 31.5*23.5
2518-TIBROSETHN,TIBROS Ethnic Series- Canvas Tray (S) 25*18,Crockery,TIBROS,PCS,3924,0,0,TIBROS Ethnic Series- Canvas Tray (S) 25*18
315235-TIBROSFUNK,TIBROS Funky series-Canvas (M) 31.5*23.5,Crockery,TIBROS,PCS,3924,0,0,TIBROS Funky series-Canvas (M) 31.5*23.5
315235-TIBROSMATT,TIBROS Matt series- Canvas (M) 31.5*23.5,Crockery,TIBROS,PCS,3924,0,0,TIBROS Matt series- Canvas (M) 31.5*23.5
2518-TIBROSMATT,TIBROS Matt series- Canvas (S) 25*18,Crockery,TIBROS,PCS,3924,0,0,TIBROS Matt series- Canvas (S) 25*18
TRAY-TIBROSMUGW,TIBROS- MUG WITH TRAY,Crockery,TIBROS,BOX,6911,0,0,TIBROS- MUG WITH TRAY
PCS-TIBROSPEAR,TIBROS Pearl Series-Dining set (31 pcs),Crockery,TIBROS,BOX,3924,0,0,TIBROS Pearl Series-Dining set (31 pcs)
PCS-TIBROSSMAR,TIBROS Smart Series - Dining Set (32 pcs),Crockery,TIBROS,BOX,3924,0,0,TIBROS Smart Series - Dining Set (32 pcs)
SET-TIBROSTBMU,TIBROS TB Mug - Studio Series - small 4 pcs set,Crockery,TIBROS,Pack,6911,0,0,TIBROS TB Mug - Studio Series - small 4 pcs set
SET-TIBROSTBMU-002,TIBROS TB Mug - Studio Series - small 6pcs set,Crockery,TIBROS,BOX,6911,0,0,TIBROS TB Mug - Studio Series - small 6pcs set
SET-TIBROSTBNE,TIBROS Tb- New Gold Line Mug 6pcs set,Crockery,TIBROS,BOX,6911,0,0,TIBROS Tb- New Gold Line Mug 6pcs set
PCS-TIBROSTBST,TIBROS TB Stoneware 1110 Mug - 1 Pcs,Crockery,TIBROS,BOX,6911,0,0,TIBROS TB Stoneware 1110 Mug - 1 Pcs
PCS-TIBROSTBST-002,TIBROS TB Stoneware 1110 Sparkle Mug -1 Pcs,Crockery,TIBROS,BOX,6911,0,0,TIBROS TB Stoneware 1110 Sparkle Mug -1 Pcs
1PCS-TIBROSTBST,TIBROS TB Stoneware 1143 Mug 1pcs,Crockery,TIBROS,BOX,6911,0,0,TIBROS TB Stoneware 1143 Mug 1pcs
MUGBLACK-TIBROSTBAR,TIBROS Tb-Arabica Mug-Black,Crockery,TIBROS,BOX,6911,0,0,TIBROS Tb-Arabica Mug-Black
MUG-TIBROSTBSP,TIBROS Tb-Splash Series Mug,Crockery,TIBROS,BOX,6911,0,0,TIBROS Tb-Splash Series Mug
PCS-TIBROSURMI,TIBROS Urmi Series - Dining Set (37 pcs) 37 Pcs,Crockery,TIBROS,BOX,3924,0,0,TIBROS Urmi Series - Dining Set (37 pcs) 37 Pcs
CONE-TIBROSTBMU,TIBROS-TB- MUG CONE,Crockery,TIBROS,BOX,6911,0,0,TIBROS-TB- MUG CONE
28CL-TIBROSTBPR,TIBROS-TB- Procelain 28CL,Crockery,TIBROS,Pack,6911,0,0,TIBROS-TB- Procelain 28CL
JAVA-TIBROSTBPR,TIBROS-TB- Procelain Mug Java,Crockery,TIBROS,BOX,6911,0,0,TIBROS-TB- Procelain Mug Java
TIFFIN-TIFFINBOXM,Tiffin Box Model HE : 8,Plastic kitchenware,Raj Enterprises,PCS,3924,0,0,Tiffin Box Model HE : 8
11-TIFFINBOXM,Tiffin Box Model HE :11,Plastic kitchenware,Raj Enterprises,PCS,3924,0,0,Tiffin Box Model HE :11
LOCK-TONGKITCHE,Tong Kitchen Lock,Plastic kitchenware,Raj Enterprises,PCS,3924,0,0,Tong Kitchen Lock
135G-TONGSSNO3,Tong S.S. No.3 (135g),Plastic kitchenware,Raj Enterprises,PCS,3924,0,0,Tong S.S. No.3 (135g)
GLASS-UNBREAKABL,UNBREAKABLE GLASS,Plastic kitchenware,Raj Enterprises,PCS,3924,0,0,UNBREAKABLE GLASS
PLAIN-VOLVOKNIFE,VOLVO KNIFE BOX PACK (PLAIN),Plastic kitchenware,Raj Enterprises,DZ,3924,0,0,VOLVO KNIFE BOX PACK (PLAIN)
STAND-WALLMOUNTA,WALL MOUNTAIN STAND,Plastic kitchenware,Raj Enterprises,PCS,3924,0,0,WALL MOUNTAIN STAND
STAND-WASHINGMAC,WASHING MACHINE STAND,Plastic kitchenware,Raj Enterprises,PCS,3924,0,0,WASHING MACHINE STAND
BLACK-WELCOMETRA,WELCOME TRAY SET BLACK,Plastic kitchenware,Raj Enterprises,PCS,3924,0,0,WELCOME TRAY SET BLACK
WHITE-WELCOMETRA,WELCOME TRAY SET WHITE,Plastic kitchenware,Raj Enterprises,PCS,3924,0,0,WELCOME TRAY SET WHITE
INCH-WHISKFULLS,Whisk Full S.S. No.2 ( 10 inch),Plastic kitchenware,Raj Enterprises,PCS,3924,0,0,Whisk Full S.S. No.2 ( 10 inch)
INCH-WHISKFULLS-002,Whisk Full S.S. No.3 (11 inch),Plastic kitchenware,Raj Enterprises,PCS,3924,0,0,Whisk Full S.S. No.3 (11 inch)
8-WHISKPLAST,"whisk plastic 8""",Plastic kitchenware,Raj Enterprises,PCS,3911,0,0,"whisk plastic 8"""
10-WHISKPLAST,"whisk plastic handle 10""",Plastic kitchenware,Raj Enterprises,PCS,7323,0,0,"whisk plastic handle 10"""
NO2-WHISKPLAST,Whisk Plastic Handle No.2,Plastic kitchenware,Raj Enterprises,PCS,3924,0,0,Whisk Plastic Handle No.2
9-WHISKSTEEL,"Whisk Steel 9""",Plastic kitchenware,Raj Enterprises,PCS,3924,0,0,"Whisk Steel 9"""
9-WHISKERPLA,WHISKER PLASTIC HANDLE HEAVY 9'',Plastic kitchenware,Raj Enterprises,PCS,3924,0,0,WHISKER PLASTIC HANDLE HEAVY 9''
KNIFE-WOODENCHOP,Wooden Chopper Knife,Plastic kitchenware,Raj Enterprises,PCS,3924,0,0,Wooden Chopper Knife
MASHER-WOODEN,WOODEN MASHER,Plastic kitchenware,Raj Enterprises,PCS,3924,0,0,WOODEN MASHER
CHOPPING-WOODENMDF,Wooden MDF Chopping,Plastic kitchenware,Raj Enterprises,PCS,3924,0,0,Wooden MDF Chopping
TALWAR-WOODEN,WOODEN TALWAR,Plastic kitchenware,Raj Enterprises,DZ,3924,0,0,WOODEN TALWAR
SS-WOODENTEMP,WOODEN TEMPOR S.S.,Plastic kitchenware,Raj Enterprises,DZ,3924,0,0,WOODEN TEMPOR S.S.
PEELER-X,X peeler,Plastic kitchenware,Raj Enterprises,DZ,3924,0,0,X peeler
KNIFE-XVEGETABLE,X- Vegetable Knife,Plastic kitchenware,Raj Enterprises,DZ,3924,0,0,X- Vegetable Knife
PLAIN-ZEBRAKNIFE,ZEBRA KNIFE (PLAIN),Plastic kitchenware,Raj Enterprises,DZ,3924,0,0,ZEBRA KNIFE (PLAIN)
PILLAR-ZEBRA,ZEBRA PILLAR,Plastic kitchenware,Raj Enterprises,PCS,3924,0,0,ZEBRA PILLAR
250ML-MAXFRESHSS-002,MaxFresh S S FEEDING BOTTLE PLASTIC HANDLE 250ml,Steelware,MaxFresh,Pack,7323,0,0,S S FEEDING BOTTLE PLASTIC HANDLE
NO6-MAXFRESHSS,MaxFresh S S MASALA DABBA SEE THRU NO.6,Steelware,MaxFresh,Pack,7323,0,0,S S MASALA DABBA SEE THRU
NO7-MAXFRESHSS,MaxFresh S S MASALA DABBA SEE THRU NO.7,Steelware,MaxFresh,Pack,7323,0,0,S S MASALA DABBA SEE THRU
G-MAXFRESHTR-002,MaxFresh TRIPLY TOPE WITH LID (1000 g),Steelware,MaxFresh,kg,7323,0,0,TRIPLY TOPE WITH LID
26CM-MAXFRESHTR,MaxFresh TRIPLY TAWA 26cm,Steelware,MaxFresh,Pack,7323,0,0,TRIPLY TAWA
BASKET-FRUIT,fruit basket,Steelware,,Pack,7323,0,0,fruit basket
LID-MAXFRESHSS-002,MaxFresh S.S. CASSEROLE WITH GLASS LID,Steelware,MaxFresh,Pack,7323,0,0,S.S. CASSEROLE WITH GLASS LID
2LTR-MAXFRESHTR,MaxFresh TRIPLY HANDI WITH GLASS LID 2LTR,Steelware,MaxFresh,Pack,7323,0,0,TRIPLY HANDI WITH GLASS LID
LTR-MAXFRESHTR,MaxFresh TRIPLY HANDI WITH GLASS LID 3 LTR,Steelware,MaxFresh,Pack,7323,0,0,TRIPLY HANDI WITH GLASS LID
CM-MAXFRESHTR,MaxFresh TRIPLY FRYPAN WITH GLASS LID 24 CM,Steelware,MaxFresh,Pack,7323,0,0,TRIPLY FRYPAN WITH GLASS LID
CM-MAXFRESHTR-002,MaxFresh TRIPLY TAWA 28 CM,Steelware,MaxFresh,Pack,7323,0,0,TRIPLY TAWA
FIRST-ATTASTRAIN,ATTA STRAINNER SMALL FIRST,Plastic kitchenware,,DZ,7326,0,0,ATTA STRAINNER SMALL FIRST
SEMI-ATTASTRAIN,ATTA STRAINNER SMALL SEMI,Plastic kitchenware,,Pack,3924,0,0,ATTA STRAINNER SMALL SEMI
FIRST-ATTASTRAIN-002,ATTA STRAINNER BIG FIRST,Plastic kitchenware,,Pack,3924,0,0,ATTA STRAINNER BIG FIRST
FIRST-HOOKATTABI,HOOK ATTA BIG FIRST,Plastic kitchenware,,Pack,3924,0,0,HOOK ATTA BIG FIRST
COLOUR-HOOKATTABI,HOOK ATTA BIG COLOUR,Plastic kitchenware,,Pack,3924,0,0,HOOK ATTA BIG COLOUR
CLIP-BLACK,BLACK CLIP,Plastic kitchenware,,Pack,3924,0,0,BLACK CLIP
SECOND-ATTASTRAIN,ATTA STRAINNER BIG SECOND,Plastic kitchenware,,Pack,3924,0,0,ATTA STRAINNER BIG SECOND
CLIP-SEMISINGLE,SEMI SINGLE CLIP,Plastic kitchenware,,Pack,3924,0,0,SEMI SINGLE CLIP
FIRST-CLIPDOUBLE,CLIP DOUBLE FIRST,Plastic kitchenware,,Pack,3924,0,0,CLIP DOUBLE FIRST
SEMI-CLIPDOUBLE,CLIP DOUBLE SEMI,Plastic kitchenware,,Pack,3924,0,0,CLIP DOUBLE SEMI
LONG-CLIP,CLIP LONG,Plastic kitchenware,,Pack,3924,0,0,CLIP LONG
NO4-MSPURIPRES,M S puri press no.4,Plastic kitchenware,,Pack,3924,0,0,M S puri press
NO6-MSPURIPRES,M S puri press no.6,Plastic kitchenware,,Pack,3924,0,0,M S puri press
645G-SSKHALBATT,S.S. Khalbatta no.1 645g,Plastic kitchenware,,Pack,3924,0,0,S.S. Khalbatta no.1
134KG-SSKHALBATT,S.S. Khalbatta no.5 1.34kg,Plastic kitchenware,,Pack,3924,0,0,S.S. Khalbatta no.5
STEEL-PURIPRESS,Puri press Steel,Plastic kitchenware,,Pack,3924,0,0,Puri press Steel
POT-SIGMAOILBR,sigma oil brush with pot,Plastic kitchenware,sigma,Pack,3924,0,0,oil brush with pot
PEELER-SIGMASWIFT,Sigma Swift peeler,Plastic Kitchenware,Sigma,Pack,7323,0,0,Swift peeler
TOMATO-SIGMAABS,Sigma Abs tomato,Plastic Kitchenware,Sigma,Pack,3924,0,0,Abs tomato
KNIFE-SIGMA5PIEC,Sigma 5 PIECE TOMATO CARD KNIFE,Plastic Kitchenware,Sigma,Pack,3924,0,0,5 PIECE TOMATO CARD KNIFE
BLENDER-SIGMAHAND,Sigma HAND BLENDER,Plastic Kitchenware,Sigma,Pack,3924,0,0,HAND BLENDER
PEEELR-SIGMASUMO,Sigma SUMO PEEELR,Plastic Kitchenware,Sigma,Pack,3924,0,0,SUMO PEEELR
OPENER-SIGMACOCON,Sigma COCONUT OPENER,Plastic Kitchenware,Sigma,Pack,3924,0,0,COCONUT OPENER
SET-SIGMASLEEK,Sigma SLEEK 2 PIECES KNIFE SET,Plastic Kitchenware,Sigma,Pack,3924,0,0,SLEEK 2 PIECES KNIFE SET
SET-SIGMASILIC,Sigma SILICONE BIG SET,Plastic Kitchenware,Sigma,Pack,3924,0,0,SILICONE BIG SET
SET-SIGMASLEEK-002,Sigma SLEEK 3 PIECES KNIFE SET,Plastic Kitchenware,Sigma,Pack,3924,0,0,SLEEK 3 PIECES KNIFE SET
KNIFE-SIGMAMGPEE,Sigma MG PEELING KNIFE,Plastic Kitchenware,Sigma,Pack,3924,0,0,MG PEELING KNIFE
KNIFE-SIGMAMGPLA,Sigma MG PLAIN KNIFE,Plastic Kitchenware,Sigma,Pack,3924,0,0,MG PLAIN KNIFE
KNFIE-SIGMAMGTOM,Sigma MG TOMATO KNFIE,Plastic Kitchenware,Sigma,Pack,3924,0,0,MG TOMATO KNFIE
PEELER-SIGMASLEEK,Sigma SLEEK PEELER,Plastic Kitchenware,Sigma,Pack,3924,0,0,SLEEK PEELER
KNFIE-SIGMASLEEK,Sigma SLEEK PLAIN KNFIE,Plastic Kitchenware,Sigma,Pack,3924,0,0,SLEEK PLAIN KNFIE
KNFIE-SIGMASLEEK-002,Sigma SLEEK TOMATO KNFIE,Plastic Kitchenware,Sigma,Pack,3924,0,0,SLEEK TOMATO KNFIE
BOX-SIGMAUNIVE,Sigma UNIVERSAL MASALA BOX,Plastic Kitchenware,Sigma,Pack,3924,0,0,UNIVERSAL MASALA BOX
BOTTLE-SIGMAOILDI,Sigma OIL DISPENSER BOTTLE,Plastic Kitchenware,Sigma,Pack,3924,0,0,OIL DISPENSER BOTTLE
CARD-SIGMA5PIEC,Sigma 5 Piece peeler card,Plastic Kitchenware,Sigma,Pack,3924,0,0,5 Piece peeler card
INCH-SIGMASILIC,Sigma SILICONE BRUSH 8 INCH,Plastic Kitchenware,Sigma,Pack,3924,0,0,SILICONE BRUSH
SET-SIGMAMGKNI,Sigma MG Knife set,Plastic Kitchenware,Sigma,Pack,3924,0,0,MG Knife set
9-SIGMAWHISK,"Sigma WHISK WIRE 9""",Plastic Kitchenware,Sigma,Pack,3924,0,0,WHISK WIRE
